2026-05-31 23:20:14,070:WARNING:
'cuml' is a soft dependency and not included in the pycaret installation. Please run: `pip install cuml` to install.
2026-05-31 23:20:14,070:WARNING:
'cuml' is a soft dependency and not included in the pycaret installation. Please run: `pip install cuml` to install.
2026-05-31 23:20:14,070:WARNING:
'cuml' is a soft dependency and not included in the pycaret installation. Please run: `pip install cuml` to install.
2026-05-31 23:20:14,070:WARNING:
'cuml' is a soft dependency and not included in the pycaret installation. Please run: `pip install cuml` to install.
2026-05-31 23:20:14,973:INFO:PyCaret ClassificationExperiment
2026-05-31 23:20:14,973:INFO:Logging name: clf-default-name
2026-05-31 23:20:14,973:INFO:ML Usecase: MLUsecase.CLASSIFICATION
2026-05-31 23:20:14,973:INFO:version 3.3.2
2026-05-31 23:20:14,973:INFO:Initializing setup()
2026-05-31 23:20:14,973:INFO:self.USI: 4831
2026-05-31 23:20:14,973:INFO:self._variable_keys: {'gpu_n_jobs_param', 'memory', 'X_train', 'is_multiclass', 'USI', 'seed', 'n_jobs_param', '_ml_usecase', 'exp_name_log', 'X_test', 'fix_imbalance', 'fold_generator', 'logging_param', 'fold_shuffle_param', 'exp_id', 'y_test', 'y', 'y_train', 'gpu_param', 'X', 'target_param', 'fold_groups_param', 'pipeline', 'data', 'html_param', 'idx', 'log_plots_param', '_available_plots'}
2026-05-31 23:20:14,973:INFO:Checking environment
2026-05-31 23:20:14,973:INFO:python_version: 3.11.9
2026-05-31 23:20:14,973:INFO:python_build: ('tags/v3.11.9:de54cf5', 'Apr  2 2024 10:12:12')
2026-05-31 23:20:14,973:INFO:machine: AMD64
2026-05-31 23:20:14,973:INFO:platform: Windows-10-10.0.19045-SP0
2026-05-31 23:20:14,973:INFO:Memory: svmem(total=17100234752, available=7703863296, percent=54.9, used=9396371456, free=7703863296)
2026-05-31 23:20:14,973:INFO:Physical Core: 4
2026-05-31 23:20:14,973:INFO:Logical Core: 8
2026-05-31 23:20:14,973:INFO:Checking libraries
2026-05-31 23:20:14,973:INFO:System:
2026-05-31 23:20:14,973:INFO:    python: 3.11.9 (tags/v3.11.9:de54cf5, Apr  2 2024, 10:12:12) [MSC v.1938 64 bit (AMD64)]
2026-05-31 23:20:14,973:INFO:executable: c:\Users\etios\Documents\teoria_TUIA\AA1_2026\AA1-TUIA-2026C1-ElizondoRios-Mendez-Ramirez\venv-aa1-2026\Scripts\python.exe
2026-05-31 23:20:14,973:INFO:   machine: Windows-10-10.0.19045-SP0
2026-05-31 23:20:14,973:INFO:PyCaret required dependencies:
2026-05-31 23:20:14,989:WARNING:c:\Users\etios\Documents\teoria_TUIA\AA1_2026\AA1-TUIA-2026C1-ElizondoRios-Mendez-Ramirez\venv-aa1-2026\Lib\site-packages\_distutils_hack\__init__.py:33: UserWarning: Setuptools is replacing distutils.
  warnings.warn("Setuptools is replacing distutils.")

2026-05-31 23:20:15,072:INFO:                 pip: 26.1.2
2026-05-31 23:20:15,072:INFO:          setuptools: 65.5.0
2026-05-31 23:20:15,072:INFO:             pycaret: 3.3.2
2026-05-31 23:20:15,072:INFO:             IPython: 9.14.0
2026-05-31 23:20:15,072:INFO:          ipywidgets: 8.1.8
2026-05-31 23:20:15,072:INFO:                tqdm: 4.67.3
2026-05-31 23:20:15,072:INFO:               numpy: 1.26.4
2026-05-31 23:20:15,072:INFO:              pandas: 2.2.2
2026-05-31 23:20:15,072:INFO:              jinja2: 3.1.6
2026-05-31 23:20:15,072:INFO:               scipy: 1.11.4
2026-05-31 23:20:15,072:INFO:              joblib: 1.3.2
2026-05-31 23:20:15,072:INFO:             sklearn: 1.4.2
2026-05-31 23:20:15,072:INFO:                pyod: 3.4.0
2026-05-31 23:20:15,072:INFO:            imblearn: 0.14.1
2026-05-31 23:20:15,072:INFO:   category_encoders: 2.7.0
2026-05-31 23:20:15,072:INFO:            lightgbm: 4.6.0
2026-05-31 23:20:15,072:INFO:               numba: 0.65.1
2026-05-31 23:20:15,072:INFO:            requests: 2.34.2
2026-05-31 23:20:15,072:INFO:          matplotlib: 3.7.5
2026-05-31 23:20:15,072:INFO:          scikitplot: 0.3.7
2026-05-31 23:20:15,072:INFO:         yellowbrick: 1.5
2026-05-31 23:20:15,087:INFO:              plotly: 6.7.0
2026-05-31 23:20:15,087:INFO:    plotly-resampler: Not installed
2026-05-31 23:20:15,087:INFO:             kaleido: 1.3.0
2026-05-31 23:20:15,087:INFO:           schemdraw: 0.15
2026-05-31 23:20:15,087:INFO:         statsmodels: 0.14.6
2026-05-31 23:20:15,087:INFO:              sktime: 0.26.0
2026-05-31 23:20:15,087:INFO:               tbats: 1.1.3
2026-05-31 23:20:15,087:INFO:            pmdarima: 2.0.4
2026-05-31 23:20:15,087:INFO:              psutil: 7.2.2
2026-05-31 23:20:15,087:INFO:          markupsafe: 3.0.3
2026-05-31 23:20:15,087:INFO:             pickle5: Not installed
2026-05-31 23:20:15,087:INFO:         cloudpickle: 3.1.2
2026-05-31 23:20:15,087:INFO:         deprecation: 2.1.0
2026-05-31 23:20:15,087:INFO:              xxhash: 3.7.0
2026-05-31 23:20:15,087:INFO:           wurlitzer: Not installed
2026-05-31 23:20:15,087:INFO:PyCaret optional dependencies:
2026-05-31 23:20:15,087:INFO:                shap: 0.45.1
2026-05-31 23:20:15,087:INFO:           interpret: Not installed
2026-05-31 23:20:15,087:INFO:                umap: Not installed
2026-05-31 23:20:15,087:INFO:     ydata_profiling: Not installed
2026-05-31 23:20:15,087:INFO:  explainerdashboard: Not installed
2026-05-31 23:20:15,087:INFO:             autoviz: Not installed
2026-05-31 23:20:15,087:INFO:           fairlearn: Not installed
2026-05-31 23:20:15,087:INFO:          deepchecks: Not installed
2026-05-31 23:20:15,087:INFO:             xgboost: Not installed
2026-05-31 23:20:15,087:INFO:            catboost: Not installed
2026-05-31 23:20:15,087:INFO:              kmodes: Not installed
2026-05-31 23:20:15,087:INFO:             mlxtend: Not installed
2026-05-31 23:20:15,087:INFO:       statsforecast: Not installed
2026-05-31 23:20:15,087:INFO:        tune_sklearn: Not installed
2026-05-31 23:20:15,087:INFO:                 ray: Not installed
2026-05-31 23:20:15,103:INFO:            hyperopt: Not installed
2026-05-31 23:20:15,103:INFO:              optuna: 4.8.0
2026-05-31 23:20:15,103:INFO:               skopt: Not installed
2026-05-31 23:20:15,103:INFO:              mlflow: Not installed
2026-05-31 23:20:15,103:INFO:              gradio: Not installed
2026-05-31 23:20:15,103:INFO:             fastapi: Not installed
2026-05-31 23:20:15,103:INFO:             uvicorn: Not installed
2026-05-31 23:20:15,103:INFO:              m2cgen: Not installed
2026-05-31 23:20:15,103:INFO:           evidently: Not installed
2026-05-31 23:20:15,103:INFO:               fugue: Not installed
2026-05-31 23:20:15,103:INFO:           streamlit: Not installed
2026-05-31 23:20:15,103:INFO:             prophet: Not installed
2026-05-31 23:20:15,103:INFO:None
2026-05-31 23:20:15,103:INFO:Set up data.
2026-05-31 23:20:15,158:INFO:Set up folding strategy.
2026-05-31 23:20:15,158:INFO:Set up train/test split.
2026-05-31 23:20:15,158:INFO:Set up data.
2026-05-31 23:20:15,189:INFO:Set up index.
2026-05-31 23:20:15,189:INFO:Assigning column types.
2026-05-31 23:20:15,314:INFO:Engine successfully changes for model 'lr' to 'sklearn'.
2026-05-31 23:20:15,388:INFO:Engine for model 'knn' has not been set explicitly, hence returning None.
2026-05-31 23:20:15,392:INFO:Engine for model 'rbfsvm' has not been set explicitly, hence returning None.
2026-05-31 23:20:15,437:WARNING:
'xgboost' is a soft dependency and not included in the pycaret installation. Please run: `pip install xgboost` to install.
Alternately, you can install this by running `pip install pycaret[models]`
2026-05-31 23:20:15,437:WARNING:
'catboost' is a soft dependency and not included in the pycaret installation. Please run: `pip install catboost` to install.
Alternately, you can install this by running `pip install pycaret[models]`
2026-05-31 23:20:15,509:INFO:Engine for model 'knn' has not been set explicitly, hence returning None.
2026-05-31 23:20:15,509:INFO:Engine for model 'rbfsvm' has not been set explicitly, hence returning None.
2026-05-31 23:20:15,553:WARNING:
'xgboost' is a soft dependency and not included in the pycaret installation. Please run: `pip install xgboost` to install.
Alternately, you can install this by running `pip install pycaret[models]`
2026-05-31 23:20:15,553:WARNING:
'catboost' is a soft dependency and not included in the pycaret installation. Please run: `pip install catboost` to install.
Alternately, you can install this by running `pip install pycaret[models]`
2026-05-31 23:20:15,553:INFO:Engine successfully changes for model 'knn' to 'sklearn'.
2026-05-31 23:20:15,631:INFO:Engine for model 'rbfsvm' has not been set explicitly, hence returning None.
2026-05-31 23:20:15,663:WARNING:
'xgboost' is a soft dependency and not included in the pycaret installation. Please run: `pip install xgboost` to install.
Alternately, you can install this by running `pip install pycaret[models]`
2026-05-31 23:20:15,672:WARNING:
'catboost' is a soft dependency and not included in the pycaret installation. Please run: `pip install catboost` to install.
Alternately, you can install this by running `pip install pycaret[models]`
2026-05-31 23:20:15,724:INFO:Engine for model 'rbfsvm' has not been set explicitly, hence returning None.
2026-05-31 23:20:15,771:WARNING:
'xgboost' is a soft dependency and not included in the pycaret installation. Please run: `pip install xgboost` to install.
Alternately, you can install this by running `pip install pycaret[models]`
2026-05-31 23:20:15,779:WARNING:
'catboost' is a soft dependency and not included in the pycaret installation. Please run: `pip install catboost` to install.
Alternately, you can install this by running `pip install pycaret[models]`
2026-05-31 23:20:15,779:INFO:Engine successfully changes for model 'rbfsvm' to 'sklearn'.
2026-05-31 23:20:15,877:WARNING:
'xgboost' is a soft dependency and not included in the pycaret installation. Please run: `pip install xgboost` to install.
Alternately, you can install this by running `pip install pycaret[models]`
2026-05-31 23:20:15,886:WARNING:
'catboost' is a soft dependency and not included in the pycaret installation. Please run: `pip install catboost` to install.
Alternately, you can install this by running `pip install pycaret[models]`
2026-05-31 23:20:15,983:WARNING:
'xgboost' is a soft dependency and not included in the pycaret installation. Please run: `pip install xgboost` to install.
Alternately, you can install this by running `pip install pycaret[models]`
2026-05-31 23:20:15,983:WARNING:
'catboost' is a soft dependency and not included in the pycaret installation. Please run: `pip install catboost` to install.
Alternately, you can install this by running `pip install pycaret[models]`
2026-05-31 23:20:15,998:INFO:Preparing preprocessing pipeline...
2026-05-31 23:20:16,014:INFO:Set up simple imputation.
2026-05-31 23:20:16,019:INFO:Set up column name cleaning.
2026-05-31 23:20:16,234:INFO:Finished creating preprocessing pipeline.
2026-05-31 23:20:16,234:INFO:Pipeline: Pipeline(memory=FastMemory(location=C:\Users\etios\AppData\Local\Temp\joblib),
         steps=[('numerical_imputer',
                 TransformerWrapper(exclude=None,
                                    include=['MinTemp', 'MaxTemp', 'Rainfall',
                                             'Evaporation', 'Sunshine',
                                             'WindGustSpeed', 'WindSpeed9am',
                                             'WindSpeed3pm', 'Humidity9am',
                                             'Humidity3pm', 'Pressure9am',
                                             'Pressure3pm', 'Cloud9am',
                                             'Cloud3pm', 'Temp9am', 'Temp3pm',
                                             'Ra...
                ('categorical_imputer',
                 TransformerWrapper(exclude=None, include=[],
                                    transformer=SimpleImputer(add_indicator=False,
                                                              copy=True,
                                                              fill_value=None,
                                                              keep_empty_features=False,
                                                              missing_values=nan,
                                                              strategy='most_frequent'))),
                ('clean_column_names',
                 TransformerWrapper(exclude=None, include=None,
                                    transformer=CleanColumnNames(match='[\\]\\[\\,\\{\\}\\"\\:]+')))],
         verbose=False)
2026-05-31 23:20:16,234:INFO:Creating final display dataframe.
2026-05-31 23:20:16,832:INFO:Setup _display_container:                     Description             Value
0                    Session id              6734
1                        Target      RainTomorrow
2                   Target type            Binary
3           Original data shape      (119408, 34)
4        Transformed data shape      (119408, 34)
5   Transformed train set shape       (90977, 34)
6    Transformed test set shape       (28431, 34)
7              Numeric features                33
8                    Preprocess              True
9               Imputation type            simple
10           Numeric imputation              mean
11       Categorical imputation              mode
12               Fold Generator   StratifiedKFold
13                  Fold Number                10
14                     CPU Jobs                -1
15                      Use GPU             False
16               Log Experiment             False
17              Experiment Name  clf-default-name
18                          USI              4831
2026-05-31 23:20:16,954:WARNING:
'xgboost' is a soft dependency and not included in the pycaret installation. Please run: `pip install xgboost` to install.
Alternately, you can install this by running `pip install pycaret[models]`
2026-05-31 23:20:16,954:WARNING:
'catboost' is a soft dependency and not included in the pycaret installation. Please run: `pip install catboost` to install.
Alternately, you can install this by running `pip install pycaret[models]`
2026-05-31 23:20:17,065:WARNING:
'xgboost' is a soft dependency and not included in the pycaret installation. Please run: `pip install xgboost` to install.
Alternately, you can install this by running `pip install pycaret[models]`
2026-05-31 23:20:17,065:WARNING:
'catboost' is a soft dependency and not included in the pycaret installation. Please run: `pip install catboost` to install.
Alternately, you can install this by running `pip install pycaret[models]`
2026-05-31 23:20:17,065:INFO:setup() successfully completed in 2.09s...............
2026-05-31 23:20:36,358:INFO:Initializing compare_models()
2026-05-31 23:20:36,358:INFO:compare_models(self=<pycaret.classification.oop.ClassificationExperiment object at 0x000002028B5CF350>, include=None, exclude=None, fold=None, round=4, cross_validation=True, sort=Accuracy, n_select=1, budget_time=None, turbo=True, errors=ignore, fit_kwargs=None, groups=None, experiment_custom_tags=None, probability_threshold=None, verbose=True, parallel=None, caller_params={'self': <pycaret.classification.oop.ClassificationExperiment object at 0x000002028B5CF350>, 'include': None, 'exclude': None, 'fold': None, 'round': 4, 'cross_validation': True, 'sort': 'Accuracy', 'n_select': 1, 'budget_time': None, 'turbo': True, 'errors': 'ignore', 'fit_kwargs': None, 'groups': None, 'experiment_custom_tags': None, 'probability_threshold': None, 'engine': None, 'verbose': True, 'parallel': None, '__class__': <class 'pycaret.classification.oop.ClassificationExperiment'>})
2026-05-31 23:20:36,358:INFO:Checking exceptions
2026-05-31 23:20:36,494:INFO:Preparing display monitor
2026-05-31 23:20:36,566:INFO:Initializing Logistic Regression
2026-05-31 23:20:36,566:INFO:Total runtime is 1.6617774963378907e-05 minutes
2026-05-31 23:20:36,578:INFO:SubProcess create_model() called ==================================
2026-05-31 23:20:36,579:INFO:Initializing create_model()
2026-05-31 23:20:36,579:INFO:create_model(self=<pycaret.classification.oop.ClassificationExperiment object at 0x000002028B5CF350>, estimator=lr, fold=StratifiedKFold(n_splits=10, random_state=None, shuffle=False), round=4, cross_validation=True, predict=True, fit_kwargs={}, groups=None, refit=False, probability_threshold=None, experiment_custom_tags=None, verbose=False, system=False, add_to_model_list=True, metrics=None, display=<pycaret.internal.display.display.CommonDisplay object at 0x000002028B5E9550>, model_only=True, return_train_score=False, error_score=0.0, kwargs={})
2026-05-31 23:20:36,579:INFO:Checking exceptions
2026-05-31 23:20:36,579:INFO:Importing libraries
2026-05-31 23:20:36,580:INFO:Copying training dataset
2026-05-31 23:20:36,814:INFO:Defining folds
2026-05-31 23:20:36,815:INFO:Declaring metric variables
2026-05-31 23:20:36,818:INFO:Importing untrained model
2026-05-31 23:20:36,829:INFO:Logistic Regression Imported successfully
2026-05-31 23:20:36,840:INFO:Starting cross validation
2026-05-31 23:20:36,842:INFO:Cross validating with StratifiedKFold(n_splits=10, random_state=None, shuffle=False), n_jobs=-1
2026-05-31 23:20:43,496:WARNING:c:\Users\etios\Documents\teoria_TUIA\AA1_2026\AA1-TUIA-2026C1-ElizondoRios-Mendez-Ramirez\venv-aa1-2026\Lib\site-packages\_distutils_hack\__init__.py:33: UserWarning: Setuptools is replacing distutils.
  warnings.warn("Setuptools is replacing distutils.")

2026-05-31 23:20:43,526:WARNING:c:\Users\etios\Documents\teoria_TUIA\AA1_2026\AA1-TUIA-2026C1-ElizondoRios-Mendez-Ramirez\venv-aa1-2026\Lib\site-packages\_distutils_hack\__init__.py:33: UserWarning: Setuptools is replacing distutils.
  warnings.warn("Setuptools is replacing distutils.")

2026-05-31 23:20:43,617:WARNING:c:\Users\etios\Documents\teoria_TUIA\AA1_2026\AA1-TUIA-2026C1-ElizondoRios-Mendez-Ramirez\venv-aa1-2026\Lib\site-packages\_distutils_hack\__init__.py:33: UserWarning: Setuptools is replacing distutils.
  warnings.warn("Setuptools is replacing distutils.")

2026-05-31 23:20:43,628:WARNING:c:\Users\etios\Documents\teoria_TUIA\AA1_2026\AA1-TUIA-2026C1-ElizondoRios-Mendez-Ramirez\venv-aa1-2026\Lib\site-packages\_distutils_hack\__init__.py:33: UserWarning: Setuptools is replacing distutils.
  warnings.warn("Setuptools is replacing distutils.")

2026-05-31 23:20:43,903:WARNING:c:\Users\etios\Documents\teoria_TUIA\AA1_2026\AA1-TUIA-2026C1-ElizondoRios-Mendez-Ramirez\venv-aa1-2026\Lib\site-packages\_distutils_hack\__init__.py:33: UserWarning: Setuptools is replacing distutils.
  warnings.warn("Setuptools is replacing distutils.")

2026-05-31 23:20:43,913:WARNING:c:\Users\etios\Documents\teoria_TUIA\AA1_2026\AA1-TUIA-2026C1-ElizondoRios-Mendez-Ramirez\venv-aa1-2026\Lib\site-packages\_distutils_hack\__init__.py:33: UserWarning: Setuptools is replacing distutils.
  warnings.warn("Setuptools is replacing distutils.")

2026-05-31 23:20:44,005:WARNING:c:\Users\etios\Documents\teoria_TUIA\AA1_2026\AA1-TUIA-2026C1-ElizondoRios-Mendez-Ramirez\venv-aa1-2026\Lib\site-packages\_distutils_hack\__init__.py:33: UserWarning: Setuptools is replacing distutils.
  warnings.warn("Setuptools is replacing distutils.")

2026-05-31 23:20:44,026:WARNING:c:\Users\etios\Documents\teoria_TUIA\AA1_2026\AA1-TUIA-2026C1-ElizondoRios-Mendez-Ramirez\venv-aa1-2026\Lib\site-packages\_distutils_hack\__init__.py:33: UserWarning: Setuptools is replacing distutils.
  warnings.warn("Setuptools is replacing distutils.")

2026-05-31 23:20:51,577:INFO:Calculating mean and std
2026-05-31 23:20:51,579:INFO:Creating metrics dataframe
2026-05-31 23:20:51,582:INFO:Uploading results into container
2026-05-31 23:20:51,583:INFO:Uploading model into container now
2026-05-31 23:20:51,584:INFO:_master_model_container: 1
2026-05-31 23:20:51,584:INFO:_display_container: 2
2026-05-31 23:20:51,585:INFO:LogisticRegression(C=1.0, class_weight=None, dual=False, fit_intercept=True,
                   intercept_scaling=1, l1_ratio=None, max_iter=1000,
                   multi_class='auto', n_jobs=None, penalty='l2',
                   random_state=6734, solver='lbfgs', tol=0.0001, verbose=0,
                   warm_start=False)
2026-05-31 23:20:51,585:INFO:create_model() successfully completed......................................
2026-05-31 23:20:51,753:INFO:SubProcess create_model() end ==================================
2026-05-31 23:20:51,753:INFO:Creating metrics dataframe
2026-05-31 23:20:51,765:INFO:Initializing K Neighbors Classifier
2026-05-31 23:20:51,765:INFO:Total runtime is 0.2533288280169169 minutes
2026-05-31 23:20:51,770:INFO:SubProcess create_model() called ==================================
2026-05-31 23:20:51,770:INFO:Initializing create_model()
2026-05-31 23:20:51,770:INFO:create_model(self=<pycaret.classification.oop.ClassificationExperiment object at 0x000002028B5CF350>, estimator=knn, fold=StratifiedKFold(n_splits=10, random_state=None, shuffle=False), round=4, cross_validation=True, predict=True, fit_kwargs={}, groups=None, refit=False, probability_threshold=None, experiment_custom_tags=None, verbose=False, system=False, add_to_model_list=True, metrics=None, display=<pycaret.internal.display.display.CommonDisplay object at 0x000002028B5E9550>, model_only=True, return_train_score=False, error_score=0.0, kwargs={})
2026-05-31 23:20:51,770:INFO:Checking exceptions
2026-05-31 23:20:51,770:INFO:Importing libraries
2026-05-31 23:20:51,770:INFO:Copying training dataset
2026-05-31 23:20:51,899:INFO:Defining folds
2026-05-31 23:20:51,899:INFO:Declaring metric variables
2026-05-31 23:20:51,899:INFO:Importing untrained model
2026-05-31 23:20:51,916:INFO:K Neighbors Classifier Imported successfully
2026-05-31 23:20:51,926:INFO:Starting cross validation
2026-05-31 23:20:51,927:INFO:Cross validating with StratifiedKFold(n_splits=10, random_state=None, shuffle=False), n_jobs=-1
2026-05-31 23:21:34,489:INFO:Calculating mean and std
2026-05-31 23:21:34,491:INFO:Creating metrics dataframe
2026-05-31 23:21:34,493:INFO:Uploading results into container
2026-05-31 23:21:34,493:INFO:Uploading model into container now
2026-05-31 23:21:34,494:INFO:_master_model_container: 2
2026-05-31 23:21:34,494:INFO:_display_container: 2
2026-05-31 23:21:34,495:INFO:KNeighborsClassifier(algorithm='auto', leaf_size=30, metric='minkowski',
                     metric_params=None, n_jobs=-1, n_neighbors=5, p=2,
                     weights='uniform')
2026-05-31 23:21:34,495:INFO:create_model() successfully completed......................................
2026-05-31 23:21:34,674:INFO:SubProcess create_model() end ==================================
2026-05-31 23:21:34,674:INFO:Creating metrics dataframe
2026-05-31 23:21:34,686:INFO:Initializing Naive Bayes
2026-05-31 23:21:34,686:INFO:Total runtime is 0.9686776995658875 minutes
2026-05-31 23:21:34,691:INFO:SubProcess create_model() called ==================================
2026-05-31 23:21:34,692:INFO:Initializing create_model()
2026-05-31 23:21:34,692:INFO:create_model(self=<pycaret.classification.oop.ClassificationExperiment object at 0x000002028B5CF350>, estimator=nb, fold=StratifiedKFold(n_splits=10, random_state=None, shuffle=False), round=4, cross_validation=True, predict=True, fit_kwargs={}, groups=None, refit=False, probability_threshold=None, experiment_custom_tags=None, verbose=False, system=False, add_to_model_list=True, metrics=None, display=<pycaret.internal.display.display.CommonDisplay object at 0x000002028B5E9550>, model_only=True, return_train_score=False, error_score=0.0, kwargs={})
2026-05-31 23:21:34,692:INFO:Checking exceptions
2026-05-31 23:21:34,693:INFO:Importing libraries
2026-05-31 23:21:34,693:INFO:Copying training dataset
2026-05-31 23:21:34,858:INFO:Defining folds
2026-05-31 23:21:34,858:INFO:Declaring metric variables
2026-05-31 23:21:34,861:INFO:Importing untrained model
2026-05-31 23:21:34,869:INFO:Naive Bayes Imported successfully
2026-05-31 23:21:34,877:INFO:Starting cross validation
2026-05-31 23:21:34,878:INFO:Cross validating with StratifiedKFold(n_splits=10, random_state=None, shuffle=False), n_jobs=-1
2026-05-31 23:21:36,052:INFO:Calculating mean and std
2026-05-31 23:21:36,052:INFO:Creating metrics dataframe
2026-05-31 23:21:36,052:INFO:Uploading results into container
2026-05-31 23:21:36,052:INFO:Uploading model into container now
2026-05-31 23:21:36,052:INFO:_master_model_container: 3
2026-05-31 23:21:36,052:INFO:_display_container: 2
2026-05-31 23:21:36,052:INFO:GaussianNB(priors=None, var_smoothing=1e-09)
2026-05-31 23:21:36,052:INFO:create_model() successfully completed......................................
2026-05-31 23:21:36,287:INFO:SubProcess create_model() end ==================================
2026-05-31 23:21:36,288:INFO:Creating metrics dataframe
2026-05-31 23:21:36,302:INFO:Initializing Decision Tree Classifier
2026-05-31 23:21:36,302:INFO:Total runtime is 0.9956034461657206 minutes
2026-05-31 23:21:36,309:INFO:SubProcess create_model() called ==================================
2026-05-31 23:21:36,309:INFO:Initializing create_model()
2026-05-31 23:21:36,309:INFO:create_model(self=<pycaret.classification.oop.ClassificationExperiment object at 0x000002028B5CF350>, estimator=dt, fold=StratifiedKFold(n_splits=10, random_state=None, shuffle=False), round=4, cross_validation=True, predict=True, fit_kwargs={}, groups=None, refit=False, probability_threshold=None, experiment_custom_tags=None, verbose=False, system=False, add_to_model_list=True, metrics=None, display=<pycaret.internal.display.display.CommonDisplay object at 0x000002028B5E9550>, model_only=True, return_train_score=False, error_score=0.0, kwargs={})
2026-05-31 23:21:36,309:INFO:Checking exceptions
2026-05-31 23:21:36,310:INFO:Importing libraries
2026-05-31 23:21:36,310:INFO:Copying training dataset
2026-05-31 23:21:36,475:INFO:Defining folds
2026-05-31 23:21:36,475:INFO:Declaring metric variables
2026-05-31 23:21:36,481:INFO:Importing untrained model
2026-05-31 23:21:36,486:INFO:Decision Tree Classifier Imported successfully
2026-05-31 23:21:36,495:INFO:Starting cross validation
2026-05-31 23:21:36,495:INFO:Cross validating with StratifiedKFold(n_splits=10, random_state=None, shuffle=False), n_jobs=-1
2026-05-31 23:21:43,705:INFO:Calculating mean and std
2026-05-31 23:21:43,707:INFO:Creating metrics dataframe
2026-05-31 23:21:43,709:INFO:Uploading results into container
2026-05-31 23:21:43,710:INFO:Uploading model into container now
2026-05-31 23:21:43,711:INFO:_master_model_container: 4
2026-05-31 23:21:43,711:INFO:_display_container: 2
2026-05-31 23:21:43,711:INFO:DecisionTreeClassifier(ccp_alpha=0.0, class_weight=None, criterion='gini',
                       max_depth=None, max_features=None, max_leaf_nodes=None,
                       min_impurity_decrease=0.0, min_samples_leaf=1,
                       min_samples_split=2, min_weight_fraction_leaf=0.0,
                       monotonic_cst=None, random_state=6734, splitter='best')
2026-05-31 23:21:43,711:INFO:create_model() successfully completed......................................
2026-05-31 23:21:43,885:INFO:SubProcess create_model() end ==================================
2026-05-31 23:21:43,885:INFO:Creating metrics dataframe
2026-05-31 23:21:43,891:INFO:Initializing SVM - Linear Kernel
2026-05-31 23:21:43,891:INFO:Total runtime is 1.1220935265223184 minutes
2026-05-31 23:21:43,891:INFO:SubProcess create_model() called ==================================
2026-05-31 23:21:43,891:INFO:Initializing create_model()
2026-05-31 23:21:43,891:INFO:create_model(self=<pycaret.classification.oop.ClassificationExperiment object at 0x000002028B5CF350>, estimator=svm, fold=StratifiedKFold(n_splits=10, random_state=None, shuffle=False), round=4, cross_validation=True, predict=True, fit_kwargs={}, groups=None, refit=False, probability_threshold=None, experiment_custom_tags=None, verbose=False, system=False, add_to_model_list=True, metrics=None, display=<pycaret.internal.display.display.CommonDisplay object at 0x000002028B5E9550>, model_only=True, return_train_score=False, error_score=0.0, kwargs={})
2026-05-31 23:21:43,891:INFO:Checking exceptions
2026-05-31 23:21:43,891:INFO:Importing libraries
2026-05-31 23:21:43,891:INFO:Copying training dataset
2026-05-31 23:21:44,035:INFO:Defining folds
2026-05-31 23:21:44,035:INFO:Declaring metric variables
2026-05-31 23:21:44,040:INFO:Importing untrained model
2026-05-31 23:21:44,044:INFO:SVM - Linear Kernel Imported successfully
2026-05-31 23:21:44,052:INFO:Starting cross validation
2026-05-31 23:21:44,054:INFO:Cross validating with StratifiedKFold(n_splits=10, random_state=None, shuffle=False), n_jobs=-1
2026-05-31 23:21:48,603:INFO:Calculating mean and std
2026-05-31 23:21:48,604:INFO:Creating metrics dataframe
2026-05-31 23:21:48,607:INFO:Uploading results into container
2026-05-31 23:21:48,608:INFO:Uploading model into container now
2026-05-31 23:21:48,609:INFO:_master_model_container: 5
2026-05-31 23:21:48,609:INFO:_display_container: 2
2026-05-31 23:21:48,609:INFO:SGDClassifier(alpha=0.0001, average=False, class_weight=None,
              early_stopping=False, epsilon=0.1, eta0=0.001, fit_intercept=True,
              l1_ratio=0.15, learning_rate='optimal', loss='hinge',
              max_iter=1000, n_iter_no_change=5, n_jobs=-1, penalty='l2',
              power_t=0.5, random_state=6734, shuffle=True, tol=0.001,
              validation_fraction=0.1, verbose=0, warm_start=False)
2026-05-31 23:21:48,610:INFO:create_model() successfully completed......................................
2026-05-31 23:21:48,811:INFO:SubProcess create_model() end ==================================
2026-05-31 23:21:48,811:INFO:Creating metrics dataframe
2026-05-31 23:21:48,832:INFO:Initializing Ridge Classifier
2026-05-31 23:21:48,832:INFO:Total runtime is 1.204442564646403 minutes
2026-05-31 23:21:48,833:INFO:SubProcess create_model() called ==================================
2026-05-31 23:21:48,840:INFO:Initializing create_model()
2026-05-31 23:21:48,840:INFO:create_model(self=<pycaret.classification.oop.ClassificationExperiment object at 0x000002028B5CF350>, estimator=ridge, fold=StratifiedKFold(n_splits=10, random_state=None, shuffle=False), round=4, cross_validation=True, predict=True, fit_kwargs={}, groups=None, refit=False, probability_threshold=None, experiment_custom_tags=None, verbose=False, system=False, add_to_model_list=True, metrics=None, display=<pycaret.internal.display.display.CommonDisplay object at 0x000002028B5E9550>, model_only=True, return_train_score=False, error_score=0.0, kwargs={})
2026-05-31 23:21:48,840:INFO:Checking exceptions
2026-05-31 23:21:48,841:INFO:Importing libraries
2026-05-31 23:21:48,841:INFO:Copying training dataset
2026-05-31 23:21:49,122:INFO:Defining folds
2026-05-31 23:21:49,122:INFO:Declaring metric variables
2026-05-31 23:21:49,126:INFO:Importing untrained model
2026-05-31 23:21:49,138:INFO:Ridge Classifier Imported successfully
2026-05-31 23:21:49,149:INFO:Starting cross validation
2026-05-31 23:21:49,151:INFO:Cross validating with StratifiedKFold(n_splits=10, random_state=None, shuffle=False), n_jobs=-1
2026-05-31 23:21:50,626:INFO:Calculating mean and std
2026-05-31 23:21:50,629:INFO:Creating metrics dataframe
2026-05-31 23:21:50,633:INFO:Uploading results into container
2026-05-31 23:21:50,634:INFO:Uploading model into container now
2026-05-31 23:21:50,635:INFO:_master_model_container: 6
2026-05-31 23:21:50,635:INFO:_display_container: 2
2026-05-31 23:21:50,636:INFO:RidgeClassifier(alpha=1.0, class_weight=None, copy_X=True, fit_intercept=True,
                max_iter=None, positive=False, random_state=6734, solver='auto',
                tol=0.0001)
2026-05-31 23:21:50,636:INFO:create_model() successfully completed......................................
2026-05-31 23:21:50,918:INFO:SubProcess create_model() end ==================================
2026-05-31 23:21:50,918:INFO:Creating metrics dataframe
2026-05-31 23:21:50,935:INFO:Initializing Random Forest Classifier
2026-05-31 23:21:50,935:INFO:Total runtime is 1.2394999623298646 minutes
2026-05-31 23:21:50,939:INFO:SubProcess create_model() called ==================================
2026-05-31 23:21:50,939:INFO:Initializing create_model()
2026-05-31 23:21:50,939:INFO:create_model(self=<pycaret.classification.oop.ClassificationExperiment object at 0x000002028B5CF350>, estimator=rf, fold=StratifiedKFold(n_splits=10, random_state=None, shuffle=False), round=4, cross_validation=True, predict=True, fit_kwargs={}, groups=None, refit=False, probability_threshold=None, experiment_custom_tags=None, verbose=False, system=False, add_to_model_list=True, metrics=None, display=<pycaret.internal.display.display.CommonDisplay object at 0x000002028B5E9550>, model_only=True, return_train_score=False, error_score=0.0, kwargs={})
2026-05-31 23:21:50,939:INFO:Checking exceptions
2026-05-31 23:21:50,939:INFO:Importing libraries
2026-05-31 23:21:50,939:INFO:Copying training dataset
2026-05-31 23:21:51,181:INFO:Defining folds
2026-05-31 23:21:51,181:INFO:Declaring metric variables
2026-05-31 23:21:51,189:INFO:Importing untrained model
2026-05-31 23:21:51,196:INFO:Random Forest Classifier Imported successfully
2026-05-31 23:21:51,213:INFO:Starting cross validation
2026-05-31 23:21:51,215:INFO:Cross validating with StratifiedKFold(n_splits=10, random_state=None, shuffle=False), n_jobs=-1
2026-05-31 23:22:53,881:INFO:Calculating mean and std
2026-05-31 23:22:53,884:INFO:Creating metrics dataframe
2026-05-31 23:22:53,884:INFO:Uploading results into container
2026-05-31 23:22:53,891:INFO:Uploading model into container now
2026-05-31 23:22:53,892:INFO:_master_model_container: 7
2026-05-31 23:22:53,892:INFO:_display_container: 2
2026-05-31 23:22:53,893:INFO:RandomForestClassifier(bootstrap=True, ccp_alpha=0.0, class_weight=None,
                       criterion='gini', max_depth=None, max_features='sqrt',
                       max_leaf_nodes=None, max_samples=None,
                       min_impurity_decrease=0.0, min_samples_leaf=1,
                       min_samples_split=2, min_weight_fraction_leaf=0.0,
                       monotonic_cst=None, n_estimators=100, n_jobs=-1,
                       oob_score=False, random_state=6734, verbose=0,
                       warm_start=False)
2026-05-31 23:22:53,894:INFO:create_model() successfully completed......................................
2026-05-31 23:22:54,199:INFO:SubProcess create_model() end ==================================
2026-05-31 23:22:54,199:INFO:Creating metrics dataframe
2026-05-31 23:22:54,214:INFO:Initializing Quadratic Discriminant Analysis
2026-05-31 23:22:54,214:INFO:Total runtime is 2.294148608048757 minutes
2026-05-31 23:22:54,230:INFO:SubProcess create_model() called ==================================
2026-05-31 23:22:54,230:INFO:Initializing create_model()
2026-05-31 23:22:54,230:INFO:create_model(self=<pycaret.classification.oop.ClassificationExperiment object at 0x000002028B5CF350>, estimator=qda, fold=StratifiedKFold(n_splits=10, random_state=None, shuffle=False), round=4, cross_validation=True, predict=True, fit_kwargs={}, groups=None, refit=False, probability_threshold=None, experiment_custom_tags=None, verbose=False, system=False, add_to_model_list=True, metrics=None, display=<pycaret.internal.display.display.CommonDisplay object at 0x000002028B5E9550>, model_only=True, return_train_score=False, error_score=0.0, kwargs={})
2026-05-31 23:22:54,230:INFO:Checking exceptions
2026-05-31 23:22:54,230:INFO:Importing libraries
2026-05-31 23:22:54,230:INFO:Copying training dataset
2026-05-31 23:22:54,522:INFO:Defining folds
2026-05-31 23:22:54,522:INFO:Declaring metric variables
2026-05-31 23:22:54,534:INFO:Importing untrained model
2026-05-31 23:22:54,538:INFO:Quadratic Discriminant Analysis Imported successfully
2026-05-31 23:22:54,545:INFO:Starting cross validation
2026-05-31 23:22:54,557:INFO:Cross validating with StratifiedKFold(n_splits=10, random_state=None, shuffle=False), n_jobs=-1
2026-05-31 23:22:56,943:INFO:Calculating mean and std
2026-05-31 23:22:56,945:INFO:Creating metrics dataframe
2026-05-31 23:22:56,949:INFO:Uploading results into container
2026-05-31 23:22:56,950:INFO:Uploading model into container now
2026-05-31 23:22:56,951:INFO:_master_model_container: 8
2026-05-31 23:22:56,951:INFO:_display_container: 2
2026-05-31 23:22:56,951:INFO:QuadraticDiscriminantAnalysis(priors=None, reg_param=0.0,
                              store_covariance=False, tol=0.0001)
2026-05-31 23:22:56,952:INFO:create_model() successfully completed......................................
2026-05-31 23:22:57,227:INFO:SubProcess create_model() end ==================================
2026-05-31 23:22:57,228:INFO:Creating metrics dataframe
2026-05-31 23:22:57,244:INFO:Initializing Ada Boost Classifier
2026-05-31 23:22:57,245:INFO:Total runtime is 2.3446619828542072 minutes
2026-05-31 23:22:57,251:INFO:SubProcess create_model() called ==================================
2026-05-31 23:22:57,251:INFO:Initializing create_model()
2026-05-31 23:22:57,252:INFO:create_model(self=<pycaret.classification.oop.ClassificationExperiment object at 0x000002028B5CF350>, estimator=ada, fold=StratifiedKFold(n_splits=10, random_state=None, shuffle=False), round=4, cross_validation=True, predict=True, fit_kwargs={}, groups=None, refit=False, probability_threshold=None, experiment_custom_tags=None, verbose=False, system=False, add_to_model_list=True, metrics=None, display=<pycaret.internal.display.display.CommonDisplay object at 0x000002028B5E9550>, model_only=True, return_train_score=False, error_score=0.0, kwargs={})
2026-05-31 23:22:57,252:INFO:Checking exceptions
2026-05-31 23:22:57,252:INFO:Importing libraries
2026-05-31 23:22:57,252:INFO:Copying training dataset
2026-05-31 23:22:57,454:INFO:Defining folds
2026-05-31 23:22:57,455:INFO:Declaring metric variables
2026-05-31 23:22:57,462:INFO:Importing untrained model
2026-05-31 23:22:57,468:INFO:Ada Boost Classifier Imported successfully
2026-05-31 23:22:57,481:INFO:Starting cross validation
2026-05-31 23:22:57,484:INFO:Cross validating with StratifiedKFold(n_splits=10, random_state=None, shuffle=False), n_jobs=-1
2026-05-31 23:22:57,825:WARNING:c:\Users\etios\Documents\teoria_TUIA\AA1_2026\AA1-TUIA-2026C1-ElizondoRios-Mendez-Ramirez\venv-aa1-2026\Lib\site-packages\sklearn\ensemble\_weight_boosting.py:519: FutureWarning: The SAMME.R algorithm (the default) is deprecated and will be removed in 1.6. Use the SAMME algorithm to circumvent this warning.
  warnings.warn(

2026-05-31 23:22:57,908:WARNING:c:\Users\etios\Documents\teoria_TUIA\AA1_2026\AA1-TUIA-2026C1-ElizondoRios-Mendez-Ramirez\venv-aa1-2026\Lib\site-packages\sklearn\ensemble\_weight_boosting.py:519: FutureWarning: The SAMME.R algorithm (the default) is deprecated and will be removed in 1.6. Use the SAMME algorithm to circumvent this warning.
  warnings.warn(

2026-05-31 23:22:57,986:WARNING:c:\Users\etios\Documents\teoria_TUIA\AA1_2026\AA1-TUIA-2026C1-ElizondoRios-Mendez-Ramirez\venv-aa1-2026\Lib\site-packages\sklearn\ensemble\_weight_boosting.py:519: FutureWarning: The SAMME.R algorithm (the default) is deprecated and will be removed in 1.6. Use the SAMME algorithm to circumvent this warning.
  warnings.warn(

2026-05-31 23:22:58,106:WARNING:c:\Users\etios\Documents\teoria_TUIA\AA1_2026\AA1-TUIA-2026C1-ElizondoRios-Mendez-Ramirez\venv-aa1-2026\Lib\site-packages\sklearn\ensemble\_weight_boosting.py:519: FutureWarning: The SAMME.R algorithm (the default) is deprecated and will be removed in 1.6. Use the SAMME algorithm to circumvent this warning.
  warnings.warn(

2026-05-31 23:22:58,194:WARNING:c:\Users\etios\Documents\teoria_TUIA\AA1_2026\AA1-TUIA-2026C1-ElizondoRios-Mendez-Ramirez\venv-aa1-2026\Lib\site-packages\sklearn\ensemble\_weight_boosting.py:519: FutureWarning: The SAMME.R algorithm (the default) is deprecated and will be removed in 1.6. Use the SAMME algorithm to circumvent this warning.
  warnings.warn(

2026-05-31 23:22:58,252:WARNING:c:\Users\etios\Documents\teoria_TUIA\AA1_2026\AA1-TUIA-2026C1-ElizondoRios-Mendez-Ramirez\venv-aa1-2026\Lib\site-packages\sklearn\ensemble\_weight_boosting.py:519: FutureWarning: The SAMME.R algorithm (the default) is deprecated and will be removed in 1.6. Use the SAMME algorithm to circumvent this warning.
  warnings.warn(

2026-05-31 23:22:58,375:WARNING:c:\Users\etios\Documents\teoria_TUIA\AA1_2026\AA1-TUIA-2026C1-ElizondoRios-Mendez-Ramirez\venv-aa1-2026\Lib\site-packages\sklearn\ensemble\_weight_boosting.py:519: FutureWarning: The SAMME.R algorithm (the default) is deprecated and will be removed in 1.6. Use the SAMME algorithm to circumvent this warning.
  warnings.warn(

2026-05-31 23:22:58,487:WARNING:c:\Users\etios\Documents\teoria_TUIA\AA1_2026\AA1-TUIA-2026C1-ElizondoRios-Mendez-Ramirez\venv-aa1-2026\Lib\site-packages\sklearn\ensemble\_weight_boosting.py:519: FutureWarning: The SAMME.R algorithm (the default) is deprecated and will be removed in 1.6. Use the SAMME algorithm to circumvent this warning.
  warnings.warn(

2026-05-31 23:23:10,950:WARNING:c:\Users\etios\Documents\teoria_TUIA\AA1_2026\AA1-TUIA-2026C1-ElizondoRios-Mendez-Ramirez\venv-aa1-2026\Lib\site-packages\sklearn\ensemble\_weight_boosting.py:519: FutureWarning: The SAMME.R algorithm (the default) is deprecated and will be removed in 1.6. Use the SAMME algorithm to circumvent this warning.
  warnings.warn(

2026-05-31 23:23:11,236:WARNING:c:\Users\etios\Documents\teoria_TUIA\AA1_2026\AA1-TUIA-2026C1-ElizondoRios-Mendez-Ramirez\venv-aa1-2026\Lib\site-packages\sklearn\ensemble\_weight_boosting.py:519: FutureWarning: The SAMME.R algorithm (the default) is deprecated and will be removed in 1.6. Use the SAMME algorithm to circumvent this warning.
  warnings.warn(

2026-05-31 23:23:20,194:INFO:Calculating mean and std
2026-05-31 23:23:20,196:INFO:Creating metrics dataframe
2026-05-31 23:23:20,198:INFO:Uploading results into container
2026-05-31 23:23:20,199:INFO:Uploading model into container now
2026-05-31 23:23:20,200:INFO:_master_model_container: 9
2026-05-31 23:23:20,200:INFO:_display_container: 2
2026-05-31 23:23:20,200:INFO:AdaBoostClassifier(algorithm='SAMME.R', estimator=None, learning_rate=1.0,
                   n_estimators=50, random_state=6734)
2026-05-31 23:23:20,200:INFO:create_model() successfully completed......................................
2026-05-31 23:23:20,380:INFO:SubProcess create_model() end ==================================
2026-05-31 23:23:20,380:INFO:Creating metrics dataframe
2026-05-31 23:23:20,381:INFO:Initializing Gradient Boosting Classifier
2026-05-31 23:23:20,381:INFO:Total runtime is 2.730253767967224 minutes
2026-05-31 23:23:20,394:INFO:SubProcess create_model() called ==================================
2026-05-31 23:23:20,394:INFO:Initializing create_model()
2026-05-31 23:23:20,394:INFO:create_model(self=<pycaret.classification.oop.ClassificationExperiment object at 0x000002028B5CF350>, estimator=gbc, fold=StratifiedKFold(n_splits=10, random_state=None, shuffle=False), round=4, cross_validation=True, predict=True, fit_kwargs={}, groups=None, refit=False, probability_threshold=None, experiment_custom_tags=None, verbose=False, system=False, add_to_model_list=True, metrics=None, display=<pycaret.internal.display.display.CommonDisplay object at 0x000002028B5E9550>, model_only=True, return_train_score=False, error_score=0.0, kwargs={})
2026-05-31 23:23:20,394:INFO:Checking exceptions
2026-05-31 23:23:20,394:INFO:Importing libraries
2026-05-31 23:23:20,394:INFO:Copying training dataset
2026-05-31 23:23:20,527:INFO:Defining folds
2026-05-31 23:23:20,527:INFO:Declaring metric variables
2026-05-31 23:23:20,537:INFO:Importing untrained model
2026-05-31 23:23:20,543:INFO:Gradient Boosting Classifier Imported successfully
2026-05-31 23:23:20,543:INFO:Starting cross validation
2026-05-31 23:23:20,543:INFO:Cross validating with StratifiedKFold(n_splits=10, random_state=None, shuffle=False), n_jobs=-1
2026-05-31 23:24:55,152:INFO:Calculating mean and std
2026-05-31 23:24:55,152:INFO:Creating metrics dataframe
2026-05-31 23:24:55,152:INFO:Uploading results into container
2026-05-31 23:24:55,157:INFO:Uploading model into container now
2026-05-31 23:24:55,157:INFO:_master_model_container: 10
2026-05-31 23:24:55,158:INFO:_display_container: 2
2026-05-31 23:24:55,159:INFO:GradientBoostingClassifier(ccp_alpha=0.0, criterion='friedman_mse', init=None,
                           learning_rate=0.1, loss='log_loss', max_depth=3,
                           max_features=None, max_leaf_nodes=None,
                           min_impurity_decrease=0.0, min_samples_leaf=1,
                           min_samples_split=2, min_weight_fraction_leaf=0.0,
                           n_estimators=100, n_iter_no_change=None,
                           random_state=6734, subsample=1.0, tol=0.0001,
                           validation_fraction=0.1, verbose=0,
                           warm_start=False)
2026-05-31 23:24:55,159:INFO:create_model() successfully completed......................................
2026-05-31 23:24:55,322:INFO:SubProcess create_model() end ==================================
2026-05-31 23:24:55,322:INFO:Creating metrics dataframe
2026-05-31 23:24:55,335:INFO:Initializing Linear Discriminant Analysis
2026-05-31 23:24:55,335:INFO:Total runtime is 4.312834052244822 minutes
2026-05-31 23:24:55,335:INFO:SubProcess create_model() called ==================================
2026-05-31 23:24:55,335:INFO:Initializing create_model()
2026-05-31 23:24:55,335:INFO:create_model(self=<pycaret.classification.oop.ClassificationExperiment object at 0x000002028B5CF350>, estimator=lda, fold=StratifiedKFold(n_splits=10, random_state=None, shuffle=False), round=4, cross_validation=True, predict=True, fit_kwargs={}, groups=None, refit=False, probability_threshold=None, experiment_custom_tags=None, verbose=False, system=False, add_to_model_list=True, metrics=None, display=<pycaret.internal.display.display.CommonDisplay object at 0x000002028B5E9550>, model_only=True, return_train_score=False, error_score=0.0, kwargs={})
2026-05-31 23:24:55,335:INFO:Checking exceptions
2026-05-31 23:24:55,335:INFO:Importing libraries
2026-05-31 23:24:55,335:INFO:Copying training dataset
2026-05-31 23:24:55,483:INFO:Defining folds
2026-05-31 23:24:55,483:INFO:Declaring metric variables
2026-05-31 23:24:55,489:INFO:Importing untrained model
2026-05-31 23:24:55,489:INFO:Linear Discriminant Analysis Imported successfully
2026-05-31 23:24:55,497:INFO:Starting cross validation
2026-05-31 23:24:55,497:INFO:Cross validating with StratifiedKFold(n_splits=10, random_state=None, shuffle=False), n_jobs=-1
2026-05-31 23:24:57,175:INFO:Calculating mean and std
2026-05-31 23:24:57,176:INFO:Creating metrics dataframe
2026-05-31 23:24:57,179:INFO:Uploading results into container
2026-05-31 23:24:57,181:INFO:Uploading model into container now
2026-05-31 23:24:57,181:INFO:_master_model_container: 11
2026-05-31 23:24:57,181:INFO:_display_container: 2
2026-05-31 23:24:57,181:INFO:LinearDiscriminantAnalysis(covariance_estimator=None, n_components=None,
                           priors=None, shrinkage=None, solver='svd',
                           store_covariance=False, tol=0.0001)
2026-05-31 23:24:57,181:INFO:create_model() successfully completed......................................
2026-05-31 23:24:57,390:INFO:SubProcess create_model() end ==================================
2026-05-31 23:24:57,390:INFO:Creating metrics dataframe
2026-05-31 23:24:57,406:INFO:Initializing Extra Trees Classifier
2026-05-31 23:24:57,406:INFO:Total runtime is 4.347351916631063 minutes
2026-05-31 23:24:57,406:INFO:SubProcess create_model() called ==================================
2026-05-31 23:24:57,406:INFO:Initializing create_model()
2026-05-31 23:24:57,406:INFO:create_model(self=<pycaret.classification.oop.ClassificationExperiment object at 0x000002028B5CF350>, estimator=et, fold=StratifiedKFold(n_splits=10, random_state=None, shuffle=False), round=4, cross_validation=True, predict=True, fit_kwargs={}, groups=None, refit=False, probability_threshold=None, experiment_custom_tags=None, verbose=False, system=False, add_to_model_list=True, metrics=None, display=<pycaret.internal.display.display.CommonDisplay object at 0x000002028B5E9550>, model_only=True, return_train_score=False, error_score=0.0, kwargs={})
2026-05-31 23:24:57,406:INFO:Checking exceptions
2026-05-31 23:24:57,406:INFO:Importing libraries
2026-05-31 23:24:57,406:INFO:Copying training dataset
2026-05-31 23:24:57,536:INFO:Defining folds
2026-05-31 23:24:57,536:INFO:Declaring metric variables
2026-05-31 23:24:57,543:INFO:Importing untrained model
2026-05-31 23:24:57,550:INFO:Extra Trees Classifier Imported successfully
2026-05-31 23:24:57,551:INFO:Starting cross validation
2026-05-31 23:24:57,551:INFO:Cross validating with StratifiedKFold(n_splits=10, random_state=None, shuffle=False), n_jobs=-1
2026-05-31 23:25:38,853:INFO:Calculating mean and std
2026-05-31 23:25:38,855:INFO:Creating metrics dataframe
2026-05-31 23:25:38,858:INFO:Uploading results into container
2026-05-31 23:25:38,859:INFO:Uploading model into container now
2026-05-31 23:25:38,860:INFO:_master_model_container: 12
2026-05-31 23:25:38,860:INFO:_display_container: 2
2026-05-31 23:25:38,861:INFO:ExtraTreesClassifier(bootstrap=False, ccp_alpha=0.0, class_weight=None,
                     criterion='gini', max_depth=None, max_features='sqrt',
                     max_leaf_nodes=None, max_samples=None,
                     min_impurity_decrease=0.0, min_samples_leaf=1,
                     min_samples_split=2, min_weight_fraction_leaf=0.0,
                     monotonic_cst=None, n_estimators=100, n_jobs=-1,
                     oob_score=False, random_state=6734, verbose=0,
                     warm_start=False)
2026-05-31 23:25:38,861:INFO:create_model() successfully completed......................................
2026-05-31 23:25:39,058:INFO:SubProcess create_model() end ==================================
2026-05-31 23:25:39,058:INFO:Creating metrics dataframe
2026-05-31 23:25:39,071:INFO:Initializing Light Gradient Boosting Machine
2026-05-31 23:25:39,071:INFO:Total runtime is 5.041768650213878 minutes
2026-05-31 23:25:39,071:INFO:SubProcess create_model() called ==================================
2026-05-31 23:25:39,071:INFO:Initializing create_model()
2026-05-31 23:25:39,071:INFO:create_model(self=<pycaret.classification.oop.ClassificationExperiment object at 0x000002028B5CF350>, estimator=lightgbm, fold=StratifiedKFold(n_splits=10, random_state=None, shuffle=False), round=4, cross_validation=True, predict=True, fit_kwargs={}, groups=None, refit=False, probability_threshold=None, experiment_custom_tags=None, verbose=False, system=False, add_to_model_list=True, metrics=None, display=<pycaret.internal.display.display.CommonDisplay object at 0x000002028B5E9550>, model_only=True, return_train_score=False, error_score=0.0, kwargs={})
2026-05-31 23:25:39,071:INFO:Checking exceptions
2026-05-31 23:25:39,071:INFO:Importing libraries
2026-05-31 23:25:39,071:INFO:Copying training dataset
2026-05-31 23:25:39,222:INFO:Defining folds
2026-05-31 23:25:39,222:INFO:Declaring metric variables
2026-05-31 23:25:39,236:INFO:Importing untrained model
2026-05-31 23:25:39,236:INFO:Light Gradient Boosting Machine Imported successfully
2026-05-31 23:25:39,252:INFO:Starting cross validation
2026-05-31 23:25:39,253:INFO:Cross validating with StratifiedKFold(n_splits=10, random_state=None, shuffle=False), n_jobs=-1
2026-05-31 23:25:46,050:INFO:Calculating mean and std
2026-05-31 23:25:46,050:INFO:Creating metrics dataframe
2026-05-31 23:25:46,054:INFO:Uploading results into container
2026-05-31 23:25:46,056:INFO:Uploading model into container now
2026-05-31 23:25:46,056:INFO:_master_model_container: 13
2026-05-31 23:25:46,057:INFO:_display_container: 2
2026-05-31 23:25:46,057:INFO:LGBMClassifier(boosting_type='gbdt', class_weight=None, colsample_bytree=1.0,
               importance_type='split', learning_rate=0.1, max_depth=-1,
               min_child_samples=20, min_child_weight=0.001, min_split_gain=0.0,
               n_estimators=100, n_jobs=-1, num_leaves=31, objective=None,
               random_state=6734, reg_alpha=0.0, reg_lambda=0.0, subsample=1.0,
               subsample_for_bin=200000, subsample_freq=0)
2026-05-31 23:25:46,057:INFO:create_model() successfully completed......................................
2026-05-31 23:25:46,234:INFO:SubProcess create_model() end ==================================
2026-05-31 23:25:46,234:INFO:Creating metrics dataframe
2026-05-31 23:25:46,253:INFO:Initializing Dummy Classifier
2026-05-31 23:25:46,253:INFO:Total runtime is 5.1614568432172145 minutes
2026-05-31 23:25:46,258:INFO:SubProcess create_model() called ==================================
2026-05-31 23:25:46,258:INFO:Initializing create_model()
2026-05-31 23:25:46,258:INFO:create_model(self=<pycaret.classification.oop.ClassificationExperiment object at 0x000002028B5CF350>, estimator=dummy, fold=StratifiedKFold(n_splits=10, random_state=None, shuffle=False), round=4, cross_validation=True, predict=True, fit_kwargs={}, groups=None, refit=False, probability_threshold=None, experiment_custom_tags=None, verbose=False, system=False, add_to_model_list=True, metrics=None, display=<pycaret.internal.display.display.CommonDisplay object at 0x000002028B5E9550>, model_only=True, return_train_score=False, error_score=0.0, kwargs={})
2026-05-31 23:25:46,258:INFO:Checking exceptions
2026-05-31 23:25:46,259:INFO:Importing libraries
2026-05-31 23:25:46,259:INFO:Copying training dataset
2026-05-31 23:25:46,381:INFO:Defining folds
2026-05-31 23:25:46,381:INFO:Declaring metric variables
2026-05-31 23:25:46,394:INFO:Importing untrained model
2026-05-31 23:25:46,399:INFO:Dummy Classifier Imported successfully
2026-05-31 23:25:46,409:INFO:Starting cross validation
2026-05-31 23:25:46,411:INFO:Cross validating with StratifiedKFold(n_splits=10, random_state=None, shuffle=False), n_jobs=-1
2026-05-31 23:25:46,675:WARNING:c:\Users\etios\Documents\teoria_TUIA\AA1_2026\AA1-TUIA-2026C1-ElizondoRios-Mendez-Ramirez\venv-aa1-2026\Lib\site-packages\sklearn\metrics\_classification.py:1509: UndefinedMetricWarning: Precision is ill-defined and being set to 0.0 due to no predicted samples. Use `zero_division` parameter to control this behavior.
  _warn_prf(average, modifier, f"{metric.capitalize()} is", len(result))

2026-05-31 23:25:46,760:WARNING:c:\Users\etios\Documents\teoria_TUIA\AA1_2026\AA1-TUIA-2026C1-ElizondoRios-Mendez-Ramirez\venv-aa1-2026\Lib\site-packages\sklearn\metrics\_classification.py:1509: UndefinedMetricWarning: Precision is ill-defined and being set to 0.0 due to no predicted samples. Use `zero_division` parameter to control this behavior.
  _warn_prf(average, modifier, f"{metric.capitalize()} is", len(result))

2026-05-31 23:25:46,861:WARNING:c:\Users\etios\Documents\teoria_TUIA\AA1_2026\AA1-TUIA-2026C1-ElizondoRios-Mendez-Ramirez\venv-aa1-2026\Lib\site-packages\sklearn\metrics\_classification.py:1509: UndefinedMetricWarning: Precision is ill-defined and being set to 0.0 due to no predicted samples. Use `zero_division` parameter to control this behavior.
  _warn_prf(average, modifier, f"{metric.capitalize()} is", len(result))

2026-05-31 23:25:46,895:WARNING:c:\Users\etios\Documents\teoria_TUIA\AA1_2026\AA1-TUIA-2026C1-ElizondoRios-Mendez-Ramirez\venv-aa1-2026\Lib\site-packages\sklearn\metrics\_classification.py:1509: UndefinedMetricWarning: Precision is ill-defined and being set to 0.0 due to no predicted samples. Use `zero_division` parameter to control this behavior.
  _warn_prf(average, modifier, f"{metric.capitalize()} is", len(result))

2026-05-31 23:25:46,982:WARNING:c:\Users\etios\Documents\teoria_TUIA\AA1_2026\AA1-TUIA-2026C1-ElizondoRios-Mendez-Ramirez\venv-aa1-2026\Lib\site-packages\sklearn\metrics\_classification.py:1509: UndefinedMetricWarning: Precision is ill-defined and being set to 0.0 due to no predicted samples. Use `zero_division` parameter to control this behavior.
  _warn_prf(average, modifier, f"{metric.capitalize()} is", len(result))

2026-05-31 23:25:47,105:WARNING:c:\Users\etios\Documents\teoria_TUIA\AA1_2026\AA1-TUIA-2026C1-ElizondoRios-Mendez-Ramirez\venv-aa1-2026\Lib\site-packages\sklearn\metrics\_classification.py:1509: UndefinedMetricWarning: Precision is ill-defined and being set to 0.0 due to no predicted samples. Use `zero_division` parameter to control this behavior.
  _warn_prf(average, modifier, f"{metric.capitalize()} is", len(result))

2026-05-31 23:25:47,155:WARNING:c:\Users\etios\Documents\teoria_TUIA\AA1_2026\AA1-TUIA-2026C1-ElizondoRios-Mendez-Ramirez\venv-aa1-2026\Lib\site-packages\sklearn\metrics\_classification.py:1509: UndefinedMetricWarning: Precision is ill-defined and being set to 0.0 due to no predicted samples. Use `zero_division` parameter to control this behavior.
  _warn_prf(average, modifier, f"{metric.capitalize()} is", len(result))

2026-05-31 23:25:47,224:WARNING:c:\Users\etios\Documents\teoria_TUIA\AA1_2026\AA1-TUIA-2026C1-ElizondoRios-Mendez-Ramirez\venv-aa1-2026\Lib\site-packages\sklearn\metrics\_classification.py:1509: UndefinedMetricWarning: Precision is ill-defined and being set to 0.0 due to no predicted samples. Use `zero_division` parameter to control this behavior.
  _warn_prf(average, modifier, f"{metric.capitalize()} is", len(result))

2026-05-31 23:25:47,307:WARNING:c:\Users\etios\Documents\teoria_TUIA\AA1_2026\AA1-TUIA-2026C1-ElizondoRios-Mendez-Ramirez\venv-aa1-2026\Lib\site-packages\sklearn\metrics\_classification.py:1509: UndefinedMetricWarning: Precision is ill-defined and being set to 0.0 due to no predicted samples. Use `zero_division` parameter to control this behavior.
  _warn_prf(average, modifier, f"{metric.capitalize()} is", len(result))

2026-05-31 23:25:47,358:WARNING:c:\Users\etios\Documents\teoria_TUIA\AA1_2026\AA1-TUIA-2026C1-ElizondoRios-Mendez-Ramirez\venv-aa1-2026\Lib\site-packages\sklearn\metrics\_classification.py:1509: UndefinedMetricWarning: Precision is ill-defined and being set to 0.0 due to no predicted samples. Use `zero_division` parameter to control this behavior.
  _warn_prf(average, modifier, f"{metric.capitalize()} is", len(result))

2026-05-31 23:25:47,379:INFO:Calculating mean and std
2026-05-31 23:25:47,381:INFO:Creating metrics dataframe
2026-05-31 23:25:47,383:INFO:Uploading results into container
2026-05-31 23:25:47,384:INFO:Uploading model into container now
2026-05-31 23:25:47,384:INFO:_master_model_container: 14
2026-05-31 23:25:47,384:INFO:_display_container: 2
2026-05-31 23:25:47,385:INFO:DummyClassifier(constant=None, random_state=6734, strategy='prior')
2026-05-31 23:25:47,385:INFO:create_model() successfully completed......................................
2026-05-31 23:25:47,582:INFO:SubProcess create_model() end ==================================
2026-05-31 23:25:47,582:INFO:Creating metrics dataframe
2026-05-31 23:25:47,611:WARNING:c:\Users\etios\Documents\teoria_TUIA\AA1_2026\AA1-TUIA-2026C1-ElizondoRios-Mendez-Ramirez\venv-aa1-2026\Lib\site-packages\pycaret\internal\pycaret_experiment\supervised_experiment.py:339: FutureWarning: Styler.applymap has been deprecated. Use Styler.map instead.
  .applymap(highlight_cols, subset=["TT (Sec)"])

2026-05-31 23:25:47,634:INFO:Initializing create_model()
2026-05-31 23:25:47,634:INFO:create_model(self=<pycaret.classification.oop.ClassificationExperiment object at 0x000002028B5CF350>, estimator=LGBMClassifier(boosting_type='gbdt', class_weight=None, colsample_bytree=1.0,
               importance_type='split', learning_rate=0.1, max_depth=-1,
               min_child_samples=20, min_child_weight=0.001, min_split_gain=0.0,
               n_estimators=100, n_jobs=-1, num_leaves=31, objective=None,
               random_state=6734, reg_alpha=0.0, reg_lambda=0.0, subsample=1.0,
               subsample_for_bin=200000, subsample_freq=0), fold=StratifiedKFold(n_splits=10, random_state=None, shuffle=False), round=4, cross_validation=False, predict=False, fit_kwargs={}, groups=None, refit=True, probability_threshold=None, experiment_custom_tags=None, verbose=False, system=False, add_to_model_list=True, metrics=None, display=None, model_only=True, return_train_score=False, error_score=0.0, kwargs={})
2026-05-31 23:25:47,635:INFO:Checking exceptions
2026-05-31 23:25:47,638:INFO:Importing libraries
2026-05-31 23:25:47,638:INFO:Copying training dataset
2026-05-31 23:25:47,812:INFO:Defining folds
2026-05-31 23:25:47,812:INFO:Declaring metric variables
2026-05-31 23:25:47,812:INFO:Importing untrained model
2026-05-31 23:25:47,812:INFO:Declaring custom model
2026-05-31 23:25:47,812:INFO:Light Gradient Boosting Machine Imported successfully
2026-05-31 23:25:47,812:INFO:Cross validation set to False
2026-05-31 23:25:47,812:INFO:Fitting Model
2026-05-31 23:25:48,075:INFO:[LightGBM] [Info] Number of positive: 20398, number of negative: 70579
2026-05-31 23:25:48,088:INFO:[LightGBM] [Info] Auto-choosing col-wise multi-threading, the overhead of testing was 0.009284 seconds.
2026-05-31 23:25:48,088:INFO:You can set `force_col_wise=true` to remove the overhead.
2026-05-31 23:25:48,088:INFO:[LightGBM] [Info] Total Bins 4195
2026-05-31 23:25:48,088:INFO:[LightGBM] [Info] Number of data points in the train set: 90977, number of used features: 33
2026-05-31 23:25:48,101:INFO:[LightGBM] [Info] [binary:BoostFromScore]: pavg=0.224211 -> initscore=-1.241296
2026-05-31 23:25:48,101:INFO:[LightGBM] [Info] Start training from score -1.241296
2026-05-31 23:25:48,750:INFO:LGBMClassifier(boosting_type='gbdt', class_weight=None, colsample_bytree=1.0,
               importance_type='split', learning_rate=0.1, max_depth=-1,
               min_child_samples=20, min_child_weight=0.001, min_split_gain=0.0,
               n_estimators=100, n_jobs=-1, num_leaves=31, objective=None,
               random_state=6734, reg_alpha=0.0, reg_lambda=0.0, subsample=1.0,
               subsample_for_bin=200000, subsample_freq=0)
2026-05-31 23:25:48,750:INFO:create_model() successfully completed......................................
2026-05-31 23:25:49,069:INFO:_master_model_container: 14
2026-05-31 23:25:49,069:INFO:_display_container: 2
2026-05-31 23:25:49,071:INFO:LGBMClassifier(boosting_type='gbdt', class_weight=None, colsample_bytree=1.0,
               importance_type='split', learning_rate=0.1, max_depth=-1,
               min_child_samples=20, min_child_weight=0.001, min_split_gain=0.0,
               n_estimators=100, n_jobs=-1, num_leaves=31, objective=None,
               random_state=6734, reg_alpha=0.0, reg_lambda=0.0, subsample=1.0,
               subsample_for_bin=200000, subsample_freq=0)
2026-05-31 23:25:49,071:INFO:compare_models() successfully completed......................................
2026-05-31 23:28:02,619:INFO:Initializing evaluate_model()
2026-05-31 23:28:02,619:INFO:evaluate_model(self=<pycaret.classification.oop.ClassificationExperiment object at 0x000002028B5CF350>, estimator=LGBMClassifier(boosting_type='gbdt', class_weight=None, colsample_bytree=1.0,
               importance_type='split', learning_rate=0.1, max_depth=-1,
               min_child_samples=20, min_child_weight=0.001, min_split_gain=0.0,
               n_estimators=100, n_jobs=-1, num_leaves=31, objective=None,
               random_state=6734, reg_alpha=0.0, reg_lambda=0.0, subsample=1.0,
               subsample_for_bin=200000, subsample_freq=0), fold=None, fit_kwargs=None, plot_kwargs=None, feature_name=None, groups=None)
2026-05-31 23:28:02,681:INFO:Initializing plot_model()
2026-05-31 23:28:02,681:INFO:plot_model(self=<pycaret.classification.oop.ClassificationExperiment object at 0x000002028B5CF350>, estimator=LGBMClassifier(boosting_type='gbdt', class_weight=None, colsample_bytree=1.0,
               importance_type='split', learning_rate=0.1, max_depth=-1,
               min_child_samples=20, min_child_weight=0.001, min_split_gain=0.0,
               n_estimators=100, n_jobs=-1, num_leaves=31, objective=None,
               random_state=6734, reg_alpha=0.0, reg_lambda=0.0, subsample=1.0,
               subsample_for_bin=200000, subsample_freq=0), plot=pipeline, scale=1, save=False, fold=StratifiedKFold(n_splits=10, random_state=None, shuffle=False), fit_kwargs={}, plot_kwargs=None, groups=None, feature_name=None, label=False, verbose=False, system=True, display=None, display_format=None)
2026-05-31 23:28:02,682:INFO:Checking exceptions
2026-05-31 23:28:02,738:INFO:Preloading libraries
2026-05-31 23:28:02,751:INFO:Copying training dataset
2026-05-31 23:28:02,751:INFO:Plot type: pipeline
2026-05-31 23:28:03,209:INFO:Visual Rendered Successfully
2026-05-31 23:28:03,382:INFO:plot_model() successfully completed......................................
2026-05-31 23:28:19,621:INFO:Initializing plot_model()
2026-05-31 23:28:19,622:INFO:plot_model(self=<pycaret.classification.oop.ClassificationExperiment object at 0x000002028B5CF350>, estimator=LGBMClassifier(boosting_type='gbdt', class_weight=None, colsample_bytree=1.0,
               importance_type='split', learning_rate=0.1, max_depth=-1,
               min_child_samples=20, min_child_weight=0.001, min_split_gain=0.0,
               n_estimators=100, n_jobs=-1, num_leaves=31, objective=None,
               random_state=6734, reg_alpha=0.0, reg_lambda=0.0, subsample=1.0,
               subsample_for_bin=200000, subsample_freq=0), plot=class_report, scale=1, save=False, fold=StratifiedKFold(n_splits=10, random_state=None, shuffle=False), fit_kwargs={}, plot_kwargs=None, groups=None, feature_name=None, label=False, verbose=False, system=True, display=None, display_format=None)
2026-05-31 23:28:19,622:INFO:Checking exceptions
2026-05-31 23:28:19,664:INFO:Preloading libraries
2026-05-31 23:28:19,664:INFO:Copying training dataset
2026-05-31 23:28:19,664:INFO:Plot type: class_report
2026-05-31 23:28:20,224:INFO:Fitting Model
2026-05-31 23:28:20,225:INFO:Scoring test/hold-out set
2026-05-31 23:28:20,622:INFO:Visual Rendered Successfully
2026-05-31 23:28:20,824:INFO:plot_model() successfully completed......................................
2026-05-31 23:28:20,852:INFO:Initializing plot_model()
2026-05-31 23:28:20,852:INFO:plot_model(self=<pycaret.classification.oop.ClassificationExperiment object at 0x000002028B5CF350>, estimator=LGBMClassifier(boosting_type='gbdt', class_weight=None, colsample_bytree=1.0,
               importance_type='split', learning_rate=0.1, max_depth=-1,
               min_child_samples=20, min_child_weight=0.001, min_split_gain=0.0,
               n_estimators=100, n_jobs=-1, num_leaves=31, objective=None,
               random_state=6734, reg_alpha=0.0, reg_lambda=0.0, subsample=1.0,
               subsample_for_bin=200000, subsample_freq=0), plot=pipeline, scale=1, save=False, fold=StratifiedKFold(n_splits=10, random_state=None, shuffle=False), fit_kwargs={}, plot_kwargs=None, groups=None, feature_name=None, label=False, verbose=False, system=True, display=None, display_format=None)
2026-05-31 23:28:20,852:INFO:Checking exceptions
2026-05-31 23:28:20,905:INFO:Preloading libraries
2026-05-31 23:28:20,911:INFO:Copying training dataset
2026-05-31 23:28:20,911:INFO:Plot type: pipeline
2026-05-31 23:28:21,159:INFO:Visual Rendered Successfully
2026-05-31 23:28:21,329:INFO:plot_model() successfully completed......................................
2026-05-31 23:28:22,989:INFO:Initializing plot_model()
2026-05-31 23:28:22,989:INFO:plot_model(self=<pycaret.classification.oop.ClassificationExperiment object at 0x000002028B5CF350>, estimator=LGBMClassifier(boosting_type='gbdt', class_weight=None, colsample_bytree=1.0,
               importance_type='split', learning_rate=0.1, max_depth=-1,
               min_child_samples=20, min_child_weight=0.001, min_split_gain=0.0,
               n_estimators=100, n_jobs=-1, num_leaves=31, objective=None,
               random_state=6734, reg_alpha=0.0, reg_lambda=0.0, subsample=1.0,
               subsample_for_bin=200000, subsample_freq=0), plot=class_report, scale=1, save=False, fold=StratifiedKFold(n_splits=10, random_state=None, shuffle=False), fit_kwargs={}, plot_kwargs=None, groups=None, feature_name=None, label=False, verbose=False, system=True, display=None, display_format=None)
2026-05-31 23:28:22,989:INFO:Checking exceptions
2026-05-31 23:28:23,025:INFO:Preloading libraries
2026-05-31 23:28:23,040:INFO:Copying training dataset
2026-05-31 23:28:23,040:INFO:Plot type: class_report
2026-05-31 23:28:23,626:INFO:Fitting Model
2026-05-31 23:28:23,626:INFO:Scoring test/hold-out set
2026-05-31 23:28:24,036:INFO:Visual Rendered Successfully
2026-05-31 23:28:24,199:INFO:plot_model() successfully completed......................................
2026-05-31 23:28:32,468:INFO:Initializing plot_model()
2026-05-31 23:28:32,468:INFO:plot_model(self=<pycaret.classification.oop.ClassificationExperiment object at 0x000002028B5CF350>, estimator=LGBMClassifier(boosting_type='gbdt', class_weight=None, colsample_bytree=1.0,
               importance_type='split', learning_rate=0.1, max_depth=-1,
               min_child_samples=20, min_child_weight=0.001, min_split_gain=0.0,
               n_estimators=100, n_jobs=-1, num_leaves=31, objective=None,
               random_state=6734, reg_alpha=0.0, reg_lambda=0.0, subsample=1.0,
               subsample_for_bin=200000, subsample_freq=0), plot=auc, scale=1, save=False, fold=StratifiedKFold(n_splits=10, random_state=None, shuffle=False), fit_kwargs={}, plot_kwargs=None, groups=None, feature_name=None, label=False, verbose=False, system=True, display=None, display_format=None)
2026-05-31 23:28:32,468:INFO:Checking exceptions
2026-05-31 23:28:32,508:INFO:Preloading libraries
2026-05-31 23:28:32,508:INFO:Copying training dataset
2026-05-31 23:28:32,508:INFO:Plot type: auc
2026-05-31 23:28:33,031:INFO:Fitting Model
2026-05-31 23:28:33,031:INFO:Scoring test/hold-out set
2026-05-31 23:28:33,439:INFO:Visual Rendered Successfully
2026-05-31 23:28:33,670:INFO:plot_model() successfully completed......................................
2026-05-31 23:28:59,027:INFO:Initializing plot_model()
2026-05-31 23:28:59,028:INFO:plot_model(self=<pycaret.classification.oop.ClassificationExperiment object at 0x000002028B5CF350>, estimator=LGBMClassifier(boosting_type='gbdt', class_weight=None, colsample_bytree=1.0,
               importance_type='split', learning_rate=0.1, max_depth=-1,
               min_child_samples=20, min_child_weight=0.001, min_split_gain=0.0,
               n_estimators=100, n_jobs=-1, num_leaves=31, objective=None,
               random_state=6734, reg_alpha=0.0, reg_lambda=0.0, subsample=1.0,
               subsample_for_bin=200000, subsample_freq=0), plot=pr, scale=1, save=False, fold=StratifiedKFold(n_splits=10, random_state=None, shuffle=False), fit_kwargs={}, plot_kwargs=None, groups=None, feature_name=None, label=False, verbose=False, system=True, display=None, display_format=None)
2026-05-31 23:28:59,028:INFO:Checking exceptions
2026-05-31 23:28:59,066:INFO:Preloading libraries
2026-05-31 23:28:59,066:INFO:Copying training dataset
2026-05-31 23:28:59,066:INFO:Plot type: pr
2026-05-31 23:28:59,587:INFO:Fitting Model
2026-05-31 23:28:59,603:INFO:Scoring test/hold-out set
2026-05-31 23:29:00,009:INFO:Visual Rendered Successfully
2026-05-31 23:29:00,197:INFO:plot_model() successfully completed......................................
2026-05-31 23:29:10,614:INFO:Initializing plot_model()
2026-05-31 23:29:10,616:INFO:plot_model(self=<pycaret.classification.oop.ClassificationExperiment object at 0x000002028B5CF350>, estimator=LGBMClassifier(boosting_type='gbdt', class_weight=None, colsample_bytree=1.0,
               importance_type='split', learning_rate=0.1, max_depth=-1,
               min_child_samples=20, min_child_weight=0.001, min_split_gain=0.0,
               n_estimators=100, n_jobs=-1, num_leaves=31, objective=None,
               random_state=6734, reg_alpha=0.0, reg_lambda=0.0, subsample=1.0,
               subsample_for_bin=200000, subsample_freq=0), plot=error, scale=1, save=False, fold=StratifiedKFold(n_splits=10, random_state=None, shuffle=False), fit_kwargs={}, plot_kwargs=None, groups=None, feature_name=None, label=False, verbose=False, system=True, display=None, display_format=None)
2026-05-31 23:29:10,616:INFO:Checking exceptions
2026-05-31 23:29:10,657:INFO:Preloading libraries
2026-05-31 23:29:10,657:INFO:Copying training dataset
2026-05-31 23:29:10,657:INFO:Plot type: error
2026-05-31 23:29:11,226:INFO:Fitting Model
2026-05-31 23:29:11,228:INFO:Scoring test/hold-out set
2026-05-31 23:29:11,542:INFO:Visual Rendered Successfully
2026-05-31 23:29:11,714:INFO:plot_model() successfully completed......................................
2026-05-31 23:29:25,153:INFO:Initializing plot_model()
2026-05-31 23:29:25,154:INFO:plot_model(self=<pycaret.classification.oop.ClassificationExperiment object at 0x000002028B5CF350>, estimator=LGBMClassifier(boosting_type='gbdt', class_weight=None, colsample_bytree=1.0,
               importance_type='split', learning_rate=0.1, max_depth=-1,
               min_child_samples=20, min_child_weight=0.001, min_split_gain=0.0,
               n_estimators=100, n_jobs=-1, num_leaves=31, objective=None,
               random_state=6734, reg_alpha=0.0, reg_lambda=0.0, subsample=1.0,
               subsample_for_bin=200000, subsample_freq=0), plot=parameter, scale=1, save=False, fold=StratifiedKFold(n_splits=10, random_state=None, shuffle=False), fit_kwargs={}, plot_kwargs=None, groups=None, feature_name=None, label=False, verbose=False, system=True, display=None, display_format=None)
2026-05-31 23:29:25,154:INFO:Checking exceptions
2026-05-31 23:29:25,192:INFO:Preloading libraries
2026-05-31 23:29:25,194:INFO:Copying training dataset
2026-05-31 23:29:25,194:INFO:Plot type: parameter
2026-05-31 23:29:25,194:INFO:Visual Rendered Successfully
2026-05-31 23:29:25,404:INFO:plot_model() successfully completed......................................
2026-05-31 23:29:37,030:INFO:Initializing plot_model()
2026-05-31 23:29:37,030:INFO:plot_model(self=<pycaret.classification.oop.ClassificationExperiment object at 0x000002028B5CF350>, estimator=LGBMClassifier(boosting_type='gbdt', class_weight=None, colsample_bytree=1.0,
               importance_type='split', learning_rate=0.1, max_depth=-1,
               min_child_samples=20, min_child_weight=0.001, min_split_gain=0.0,
               n_estimators=100, n_jobs=-1, num_leaves=31, objective=None,
               random_state=6734, reg_alpha=0.0, reg_lambda=0.0, subsample=1.0,
               subsample_for_bin=200000, subsample_freq=0), plot=pipeline, scale=1, save=False, fold=StratifiedKFold(n_splits=10, random_state=None, shuffle=False), fit_kwargs={}, plot_kwargs=None, groups=None, feature_name=None, label=False, verbose=False, system=True, display=None, display_format=None)
2026-05-31 23:29:37,030:INFO:Checking exceptions
2026-05-31 23:29:37,067:INFO:Preloading libraries
2026-05-31 23:29:37,067:INFO:Copying training dataset
2026-05-31 23:29:37,067:INFO:Plot type: pipeline
2026-05-31 23:29:37,310:INFO:Visual Rendered Successfully
2026-05-31 23:29:37,466:INFO:plot_model() successfully completed......................................
2026-05-31 23:29:41,975:INFO:Initializing plot_model()
2026-05-31 23:29:41,975:INFO:plot_model(self=<pycaret.classification.oop.ClassificationExperiment object at 0x000002028B5CF350>, estimator=LGBMClassifier(boosting_type='gbdt', class_weight=None, colsample_bytree=1.0,
               importance_type='split', learning_rate=0.1, max_depth=-1,
               min_child_samples=20, min_child_weight=0.001, min_split_gain=0.0,
               n_estimators=100, n_jobs=-1, num_leaves=31, objective=None,
               random_state=6734, reg_alpha=0.0, reg_lambda=0.0, subsample=1.0,
               subsample_for_bin=200000, subsample_freq=0), plot=auc, scale=1, save=False, fold=None, fit_kwargs=None, plot_kwargs=None, groups=None, feature_name=None, label=False, verbose=True, system=True, display=None, display_format=None)
2026-05-31 23:29:41,975:INFO:Checking exceptions
2026-05-31 23:29:42,023:INFO:Preloading libraries
2026-05-31 23:29:42,034:INFO:Copying training dataset
2026-05-31 23:29:42,034:INFO:Plot type: auc
2026-05-31 23:29:42,629:INFO:Fitting Model
2026-05-31 23:29:42,633:INFO:Scoring test/hold-out set
2026-05-31 23:29:43,068:INFO:Visual Rendered Successfully
2026-05-31 23:29:43,295:INFO:plot_model() successfully completed......................................
2026-05-31 23:29:43,295:INFO:Initializing plot_model()
2026-05-31 23:29:43,295:INFO:plot_model(self=<pycaret.classification.oop.ClassificationExperiment object at 0x000002028B5CF350>, estimator=LGBMClassifier(boosting_type='gbdt', class_weight=None, colsample_bytree=1.0,
               importance_type='split', learning_rate=0.1, max_depth=-1,
               min_child_samples=20, min_child_weight=0.001, min_split_gain=0.0,
               n_estimators=100, n_jobs=-1, num_leaves=31, objective=None,
               random_state=6734, reg_alpha=0.0, reg_lambda=0.0, subsample=1.0,
               subsample_for_bin=200000, subsample_freq=0), plot=pr, scale=1, save=False, fold=None, fit_kwargs=None, plot_kwargs=None, groups=None, feature_name=None, label=False, verbose=True, system=True, display=None, display_format=None)
2026-05-31 23:29:43,295:INFO:Checking exceptions
2026-05-31 23:29:43,359:INFO:Preloading libraries
2026-05-31 23:29:43,373:INFO:Copying training dataset
2026-05-31 23:29:43,373:INFO:Plot type: pr
2026-05-31 23:29:43,934:INFO:Fitting Model
2026-05-31 23:29:43,934:INFO:Scoring test/hold-out set
2026-05-31 23:29:44,366:INFO:Visual Rendered Successfully
2026-05-31 23:29:44,553:INFO:plot_model() successfully completed......................................
2026-05-31 23:29:44,553:INFO:Initializing plot_model()
2026-05-31 23:29:44,553:INFO:plot_model(self=<pycaret.classification.oop.ClassificationExperiment object at 0x000002028B5CF350>, estimator=LGBMClassifier(boosting_type='gbdt', class_weight=None, colsample_bytree=1.0,
               importance_type='split', learning_rate=0.1, max_depth=-1,
               min_child_samples=20, min_child_weight=0.001, min_split_gain=0.0,
               n_estimators=100, n_jobs=-1, num_leaves=31, objective=None,
               random_state=6734, reg_alpha=0.0, reg_lambda=0.0, subsample=1.0,
               subsample_for_bin=200000, subsample_freq=0), plot=confusion_matrix, scale=1, save=False, fold=None, fit_kwargs=None, plot_kwargs=None, groups=None, feature_name=None, label=False, verbose=True, system=True, display=None, display_format=None)
2026-05-31 23:29:44,553:INFO:Checking exceptions
2026-05-31 23:29:44,610:INFO:Preloading libraries
2026-05-31 23:29:44,621:INFO:Copying training dataset
2026-05-31 23:29:44,622:INFO:Plot type: confusion_matrix
2026-05-31 23:29:45,201:INFO:Fitting Model
2026-05-31 23:29:45,201:INFO:Scoring test/hold-out set
2026-05-31 23:29:45,482:INFO:Visual Rendered Successfully
2026-05-31 23:29:45,669:INFO:plot_model() successfully completed......................................
2026-05-31 23:29:45,669:INFO:Initializing plot_model()
2026-05-31 23:29:45,669:INFO:plot_model(self=<pycaret.classification.oop.ClassificationExperiment object at 0x000002028B5CF350>, estimator=LGBMClassifier(boosting_type='gbdt', class_weight=None, colsample_bytree=1.0,
               importance_type='split', learning_rate=0.1, max_depth=-1,
               min_child_samples=20, min_child_weight=0.001, min_split_gain=0.0,
               n_estimators=100, n_jobs=-1, num_leaves=31, objective=None,
               random_state=6734, reg_alpha=0.0, reg_lambda=0.0, subsample=1.0,
               subsample_for_bin=200000, subsample_freq=0), plot=feature, scale=1, save=False, fold=None, fit_kwargs=None, plot_kwargs=None, groups=None, feature_name=None, label=False, verbose=True, system=True, display=None, display_format=None)
2026-05-31 23:29:45,669:INFO:Checking exceptions
2026-05-31 23:29:45,738:INFO:Preloading libraries
2026-05-31 23:29:45,750:INFO:Copying training dataset
2026-05-31 23:29:45,750:INFO:Plot type: feature
2026-05-31 23:29:45,751:WARNING:No coef_ found. Trying feature_importances_
2026-05-31 23:29:46,264:INFO:Visual Rendered Successfully
2026-05-31 23:29:46,453:INFO:plot_model() successfully completed......................................
2026-05-31 23:30:19,986:INFO:Initializing predict_model()
2026-05-31 23:30:19,987:INFO:predict_model(self=<pycaret.classification.oop.ClassificationExperiment object at 0x000002028B5CF350>, estimator=LGBMClassifier(boosting_type='gbdt', class_weight=None, colsample_bytree=1.0,
               importance_type='split', learning_rate=0.1, max_depth=-1,
               min_child_samples=20, min_child_weight=0.001, min_split_gain=0.0,
               n_estimators=100, n_jobs=-1, num_leaves=31, objective=None,
               random_state=6734, reg_alpha=0.0, reg_lambda=0.0, subsample=1.0,
               subsample_for_bin=200000, subsample_freq=0), probability_threshold=None, encoded_labels=False, raw_score=False, round=4, verbose=True, ml_usecase=None, preprocess=True, encode_labels=<function _SupervisedExperiment.predict_model.<locals>.encode_labels at 0x000002029531B2E0>)
2026-05-31 23:30:19,987:INFO:Checking exceptions
2026-05-31 23:30:19,987:INFO:Preloading libraries
2026-05-31 23:30:19,989:INFO:Set up data.
2026-05-31 23:30:20,021:INFO:Set up index.
2026-05-31 23:31:03,097:INFO:Initializing tune_model()
2026-05-31 23:31:03,097:INFO:tune_model(self=<pycaret.classification.oop.ClassificationExperiment object at 0x000002028B5CF350>, estimator=LGBMClassifier(boosting_type='gbdt', class_weight=None, colsample_bytree=1.0,
               importance_type='split', learning_rate=0.1, max_depth=-1,
               min_child_samples=20, min_child_weight=0.001, min_split_gain=0.0,
               n_estimators=100, n_jobs=-1, num_leaves=31, objective=None,
               random_state=6734, reg_alpha=0.0, reg_lambda=0.0, subsample=1.0,
               subsample_for_bin=200000, subsample_freq=0), fold=5, round=4, n_iter=10, custom_grid=None, optimize=Recall, custom_scorer=None, search_library=scikit-learn, search_algorithm=None, early_stopping=False, early_stopping_max_iters=10, choose_better=True, fit_kwargs=None, groups=None, return_tuner=False, verbose=True, tuner_verbose=True, return_train_score=False, kwargs={})
2026-05-31 23:31:03,097:INFO:Checking exceptions
2026-05-31 23:31:03,161:INFO:Copying training dataset
2026-05-31 23:31:03,278:INFO:Checking base model
2026-05-31 23:31:03,278:INFO:Base model : Light Gradient Boosting Machine
2026-05-31 23:31:03,285:INFO:Declaring metric variables
2026-05-31 23:31:03,288:INFO:Defining Hyperparameters
2026-05-31 23:31:03,495:INFO:Tuning with n_jobs=-1
2026-05-31 23:31:03,495:INFO:Initializing RandomizedSearchCV
2026-05-31 23:31:10,156:WARNING:c:\Users\etios\Documents\teoria_TUIA\AA1_2026\AA1-TUIA-2026C1-ElizondoRios-Mendez-Ramirez\venv-aa1-2026\Lib\site-packages\_distutils_hack\__init__.py:33: UserWarning: Setuptools is replacing distutils.
  warnings.warn("Setuptools is replacing distutils.")

2026-05-31 23:31:10,156:WARNING:c:\Users\etios\Documents\teoria_TUIA\AA1_2026\AA1-TUIA-2026C1-ElizondoRios-Mendez-Ramirez\venv-aa1-2026\Lib\site-packages\_distutils_hack\__init__.py:33: UserWarning: Setuptools is replacing distutils.
  warnings.warn("Setuptools is replacing distutils.")

2026-05-31 23:31:10,197:WARNING:c:\Users\etios\Documents\teoria_TUIA\AA1_2026\AA1-TUIA-2026C1-ElizondoRios-Mendez-Ramirez\venv-aa1-2026\Lib\site-packages\_distutils_hack\__init__.py:33: UserWarning: Setuptools is replacing distutils.
  warnings.warn("Setuptools is replacing distutils.")

2026-05-31 23:31:10,353:WARNING:c:\Users\etios\Documents\teoria_TUIA\AA1_2026\AA1-TUIA-2026C1-ElizondoRios-Mendez-Ramirez\venv-aa1-2026\Lib\site-packages\_distutils_hack\__init__.py:33: UserWarning: Setuptools is replacing distutils.
  warnings.warn("Setuptools is replacing distutils.")

2026-05-31 23:31:10,508:WARNING:c:\Users\etios\Documents\teoria_TUIA\AA1_2026\AA1-TUIA-2026C1-ElizondoRios-Mendez-Ramirez\venv-aa1-2026\Lib\site-packages\_distutils_hack\__init__.py:33: UserWarning: Setuptools is replacing distutils.
  warnings.warn("Setuptools is replacing distutils.")

2026-05-31 23:31:10,581:WARNING:c:\Users\etios\Documents\teoria_TUIA\AA1_2026\AA1-TUIA-2026C1-ElizondoRios-Mendez-Ramirez\venv-aa1-2026\Lib\site-packages\_distutils_hack\__init__.py:33: UserWarning: Setuptools is replacing distutils.
  warnings.warn("Setuptools is replacing distutils.")

2026-05-31 23:31:10,623:WARNING:c:\Users\etios\Documents\teoria_TUIA\AA1_2026\AA1-TUIA-2026C1-ElizondoRios-Mendez-Ramirez\venv-aa1-2026\Lib\site-packages\_distutils_hack\__init__.py:33: UserWarning: Setuptools is replacing distutils.
  warnings.warn("Setuptools is replacing distutils.")

2026-05-31 23:31:10,757:WARNING:c:\Users\etios\Documents\teoria_TUIA\AA1_2026\AA1-TUIA-2026C1-ElizondoRios-Mendez-Ramirez\venv-aa1-2026\Lib\site-packages\_distutils_hack\__init__.py:33: UserWarning: Setuptools is replacing distutils.
  warnings.warn("Setuptools is replacing distutils.")

2026-05-31 23:31:52,877:INFO:best_params: {'actual_estimator__reg_lambda': 0.5, 'actual_estimator__reg_alpha': 0.15, 'actual_estimator__num_leaves': 90, 'actual_estimator__n_estimators': 140, 'actual_estimator__min_split_gain': 0.9, 'actual_estimator__min_child_samples': 76, 'actual_estimator__learning_rate': 0.4, 'actual_estimator__feature_fraction': 0.8, 'actual_estimator__bagging_freq': 1, 'actual_estimator__bagging_fraction': 0.7}
2026-05-31 23:31:52,877:INFO:Hyperparameter search completed
2026-05-31 23:31:52,877:INFO:SubProcess create_model() called ==================================
2026-05-31 23:31:52,877:INFO:Initializing create_model()
2026-05-31 23:31:52,877:INFO:create_model(self=<pycaret.classification.oop.ClassificationExperiment object at 0x000002028B5CF350>, estimator=LGBMClassifier(boosting_type='gbdt', class_weight=None, colsample_bytree=1.0,
               importance_type='split', learning_rate=0.1, max_depth=-1,
               min_child_samples=20, min_child_weight=0.001, min_split_gain=0.0,
               n_estimators=100, n_jobs=-1, num_leaves=31, objective=None,
               random_state=6734, reg_alpha=0.0, reg_lambda=0.0, subsample=1.0,
               subsample_for_bin=200000, subsample_freq=0), fold=StratifiedKFold(n_splits=5, random_state=None, shuffle=False), round=4, cross_validation=True, predict=True, fit_kwargs={}, groups=None, refit=True, probability_threshold=None, experiment_custom_tags=None, verbose=True, system=False, add_to_model_list=True, metrics=None, display=<pycaret.internal.display.display.CommonDisplay object at 0x000002029F6DABD0>, model_only=True, return_train_score=False, error_score=0.0, kwargs={'reg_lambda': 0.5, 'reg_alpha': 0.15, 'num_leaves': 90, 'n_estimators': 140, 'min_split_gain': 0.9, 'min_child_samples': 76, 'learning_rate': 0.4, 'feature_fraction': 0.8, 'bagging_freq': 1, 'bagging_fraction': 0.7})
2026-05-31 23:31:52,883:INFO:Checking exceptions
2026-05-31 23:31:52,883:INFO:Importing libraries
2026-05-31 23:31:52,883:INFO:Copying training dataset
2026-05-31 23:31:53,036:INFO:Defining folds
2026-05-31 23:31:53,036:INFO:Declaring metric variables
2026-05-31 23:31:53,042:INFO:Importing untrained model
2026-05-31 23:31:53,042:INFO:Declaring custom model
2026-05-31 23:31:53,052:INFO:Light Gradient Boosting Machine Imported successfully
2026-05-31 23:31:53,063:INFO:Starting cross validation
2026-05-31 23:31:53,064:INFO:Cross validating with StratifiedKFold(n_splits=5, random_state=None, shuffle=False), n_jobs=-1
2026-05-31 23:31:59,150:INFO:Calculating mean and std
2026-05-31 23:31:59,150:INFO:Creating metrics dataframe
2026-05-31 23:31:59,158:INFO:Finalizing model
2026-05-31 23:31:59,292:INFO:[LightGBM] [Warning] feature_fraction is set=0.8, colsample_bytree=1.0 will be ignored. Current value: feature_fraction=0.8
2026-05-31 23:31:59,292:INFO:[LightGBM] [Warning] bagging_fraction is set=0.7, subsample=1.0 will be ignored. Current value: bagging_fraction=0.7
2026-05-31 23:31:59,293:INFO:[LightGBM] [Warning] bagging_freq is set=1, subsample_freq=0 will be ignored. Current value: bagging_freq=1
2026-05-31 23:31:59,426:INFO:[LightGBM] [Warning] feature_fraction is set=0.8, colsample_bytree=1.0 will be ignored. Current value: feature_fraction=0.8
2026-05-31 23:31:59,426:INFO:[LightGBM] [Warning] bagging_fraction is set=0.7, subsample=1.0 will be ignored. Current value: bagging_fraction=0.7
2026-05-31 23:31:59,426:INFO:[LightGBM] [Warning] bagging_freq is set=1, subsample_freq=0 will be ignored. Current value: bagging_freq=1
2026-05-31 23:31:59,426:INFO:[LightGBM] [Info] Number of positive: 20398, number of negative: 70579
2026-05-31 23:31:59,439:INFO:[LightGBM] [Info] Auto-choosing col-wise multi-threading, the overhead of testing was 0.011643 seconds.
2026-05-31 23:31:59,439:INFO:You can set `force_col_wise=true` to remove the overhead.
2026-05-31 23:31:59,439:INFO:[LightGBM] [Info] Total Bins 4195
2026-05-31 23:31:59,439:INFO:[LightGBM] [Info] Number of data points in the train set: 90977, number of used features: 33
2026-05-31 23:31:59,439:INFO:[LightGBM] [Info] [binary:BoostFromScore]: pavg=0.224211 -> initscore=-1.241296
2026-05-31 23:31:59,439:INFO:[LightGBM] [Info] Start training from score -1.241296
2026-05-31 23:32:00,706:INFO:[LightGBM] [Warning] No further splits with positive gain, best gain: -inf
2026-05-31 23:32:00,773:INFO:Uploading results into container
2026-05-31 23:32:00,774:INFO:Uploading model into container now
2026-05-31 23:32:00,775:INFO:_master_model_container: 15
2026-05-31 23:32:00,775:INFO:_display_container: 4
2026-05-31 23:32:00,776:INFO:LGBMClassifier(bagging_fraction=0.7, bagging_freq=1, boosting_type='gbdt',
               class_weight=None, colsample_bytree=1.0, feature_fraction=0.8,
               importance_type='split', learning_rate=0.4, max_depth=-1,
               min_child_samples=76, min_child_weight=0.001, min_split_gain=0.9,
               n_estimators=140, n_jobs=-1, num_leaves=90, objective=None,
               random_state=6734, reg_alpha=0.15, reg_lambda=0.5, subsample=1.0,
               subsample_for_bin=200000, subsample_freq=0)
2026-05-31 23:32:00,777:INFO:create_model() successfully completed......................................
2026-05-31 23:32:00,973:INFO:SubProcess create_model() end ==================================
2026-05-31 23:32:00,973:INFO:choose_better activated
2026-05-31 23:32:00,973:INFO:SubProcess create_model() called ==================================
2026-05-31 23:32:00,973:INFO:Initializing create_model()
2026-05-31 23:32:00,973:INFO:create_model(self=<pycaret.classification.oop.ClassificationExperiment object at 0x000002028B5CF350>, estimator=LGBMClassifier(boosting_type='gbdt', class_weight=None, colsample_bytree=1.0,
               importance_type='split', learning_rate=0.1, max_depth=-1,
               min_child_samples=20, min_child_weight=0.001, min_split_gain=0.0,
               n_estimators=100, n_jobs=-1, num_leaves=31, objective=None,
               random_state=6734, reg_alpha=0.0, reg_lambda=0.0, subsample=1.0,
               subsample_for_bin=200000, subsample_freq=0), fold=StratifiedKFold(n_splits=5, random_state=None, shuffle=False), round=4, cross_validation=True, predict=True, fit_kwargs={}, groups=None, refit=True, probability_threshold=None, experiment_custom_tags=None, verbose=False, system=False, add_to_model_list=True, metrics=None, display=None, model_only=True, return_train_score=False, error_score=0.0, kwargs={})
2026-05-31 23:32:00,973:INFO:Checking exceptions
2026-05-31 23:32:00,973:INFO:Importing libraries
2026-05-31 23:32:00,973:INFO:Copying training dataset
2026-05-31 23:32:01,097:INFO:Defining folds
2026-05-31 23:32:01,097:INFO:Declaring metric variables
2026-05-31 23:32:01,097:INFO:Importing untrained model
2026-05-31 23:32:01,097:INFO:Declaring custom model
2026-05-31 23:32:01,097:INFO:Light Gradient Boosting Machine Imported successfully
2026-05-31 23:32:01,097:INFO:Starting cross validation
2026-05-31 23:32:01,097:INFO:Cross validating with StratifiedKFold(n_splits=5, random_state=None, shuffle=False), n_jobs=-1
2026-05-31 23:32:05,048:INFO:Calculating mean and std
2026-05-31 23:32:05,048:INFO:Creating metrics dataframe
2026-05-31 23:32:05,048:INFO:Finalizing model
2026-05-31 23:32:05,308:INFO:[LightGBM] [Info] Number of positive: 20398, number of negative: 70579
2026-05-31 23:32:05,321:INFO:[LightGBM] [Info] Auto-choosing col-wise multi-threading, the overhead of testing was 0.012708 seconds.
2026-05-31 23:32:05,321:INFO:You can set `force_col_wise=true` to remove the overhead.
2026-05-31 23:32:05,321:INFO:[LightGBM] [Info] Total Bins 4195
2026-05-31 23:32:05,321:INFO:[LightGBM] [Info] Number of data points in the train set: 90977, number of used features: 33
2026-05-31 23:32:05,321:INFO:[LightGBM] [Info] [binary:BoostFromScore]: pavg=0.224211 -> initscore=-1.241296
2026-05-31 23:32:05,321:INFO:[LightGBM] [Info] Start training from score -1.241296
2026-05-31 23:32:05,922:INFO:Uploading results into container
2026-05-31 23:32:05,922:INFO:Uploading model into container now
2026-05-31 23:32:05,922:INFO:_master_model_container: 16
2026-05-31 23:32:05,922:INFO:_display_container: 5
2026-05-31 23:32:05,922:INFO:LGBMClassifier(boosting_type='gbdt', class_weight=None, colsample_bytree=1.0,
               importance_type='split', learning_rate=0.1, max_depth=-1,
               min_child_samples=20, min_child_weight=0.001, min_split_gain=0.0,
               n_estimators=100, n_jobs=-1, num_leaves=31, objective=None,
               random_state=6734, reg_alpha=0.0, reg_lambda=0.0, subsample=1.0,
               subsample_for_bin=200000, subsample_freq=0)
2026-05-31 23:32:05,922:INFO:create_model() successfully completed......................................
2026-05-31 23:32:06,140:INFO:SubProcess create_model() end ==================================
2026-05-31 23:32:06,141:INFO:LGBMClassifier(boosting_type='gbdt', class_weight=None, colsample_bytree=1.0,
               importance_type='split', learning_rate=0.1, max_depth=-1,
               min_child_samples=20, min_child_weight=0.001, min_split_gain=0.0,
               n_estimators=100, n_jobs=-1, num_leaves=31, objective=None,
               random_state=6734, reg_alpha=0.0, reg_lambda=0.0, subsample=1.0,
               subsample_for_bin=200000, subsample_freq=0) result for Recall is 0.54
2026-05-31 23:32:06,142:INFO:LGBMClassifier(bagging_fraction=0.7, bagging_freq=1, boosting_type='gbdt',
               class_weight=None, colsample_bytree=1.0, feature_fraction=0.8,
               importance_type='split', learning_rate=0.4, max_depth=-1,
               min_child_samples=76, min_child_weight=0.001, min_split_gain=0.9,
               n_estimators=140, n_jobs=-1, num_leaves=90, objective=None,
               random_state=6734, reg_alpha=0.15, reg_lambda=0.5, subsample=1.0,
               subsample_for_bin=200000, subsample_freq=0) result for Recall is 0.5714
2026-05-31 23:32:06,142:INFO:LGBMClassifier(bagging_fraction=0.7, bagging_freq=1, boosting_type='gbdt',
               class_weight=None, colsample_bytree=1.0, feature_fraction=0.8,
               importance_type='split', learning_rate=0.4, max_depth=-1,
               min_child_samples=76, min_child_weight=0.001, min_split_gain=0.9,
               n_estimators=140, n_jobs=-1, num_leaves=90, objective=None,
               random_state=6734, reg_alpha=0.15, reg_lambda=0.5, subsample=1.0,
               subsample_for_bin=200000, subsample_freq=0) is best model
2026-05-31 23:32:06,143:INFO:choose_better completed
2026-05-31 23:32:06,148:INFO:_master_model_container: 16
2026-05-31 23:32:06,148:INFO:_display_container: 4
2026-05-31 23:32:06,148:INFO:LGBMClassifier(bagging_fraction=0.7, bagging_freq=1, boosting_type='gbdt',
               class_weight=None, colsample_bytree=1.0, feature_fraction=0.8,
               importance_type='split', learning_rate=0.4, max_depth=-1,
               min_child_samples=76, min_child_weight=0.001, min_split_gain=0.9,
               n_estimators=140, n_jobs=-1, num_leaves=90, objective=None,
               random_state=6734, reg_alpha=0.15, reg_lambda=0.5, subsample=1.0,
               subsample_for_bin=200000, subsample_freq=0)
2026-05-31 23:32:06,148:INFO:tune_model() successfully completed......................................
2026-05-31 23:32:06,348:INFO:Initializing finalize_model()
2026-05-31 23:32:06,348:INFO:finalize_model(self=<pycaret.classification.oop.ClassificationExperiment object at 0x000002028B5CF350>, estimator=LGBMClassifier(bagging_fraction=0.7, bagging_freq=1, boosting_type='gbdt',
               class_weight=None, colsample_bytree=1.0, feature_fraction=0.8,
               importance_type='split', learning_rate=0.4, max_depth=-1,
               min_child_samples=76, min_child_weight=0.001, min_split_gain=0.9,
               n_estimators=140, n_jobs=-1, num_leaves=90, objective=None,
               random_state=6734, reg_alpha=0.15, reg_lambda=0.5, subsample=1.0,
               subsample_for_bin=200000, subsample_freq=0), fit_kwargs=None, groups=None, model_only=False, experiment_custom_tags=None)
2026-05-31 23:32:06,348:INFO:Finalizing LGBMClassifier(bagging_fraction=0.7, bagging_freq=1, boosting_type='gbdt',
               class_weight=None, colsample_bytree=1.0, feature_fraction=0.8,
               importance_type='split', learning_rate=0.4, max_depth=-1,
               min_child_samples=76, min_child_weight=0.001, min_split_gain=0.9,
               n_estimators=140, n_jobs=-1, num_leaves=90, objective=None,
               random_state=6734, reg_alpha=0.15, reg_lambda=0.5, subsample=1.0,
               subsample_for_bin=200000, subsample_freq=0)
2026-05-31 23:32:06,406:INFO:Initializing create_model()
2026-05-31 23:32:06,406:INFO:create_model(self=<pycaret.classification.oop.ClassificationExperiment object at 0x000002028B5CF350>, estimator=LGBMClassifier(bagging_fraction=0.7, bagging_freq=1, boosting_type='gbdt',
               class_weight=None, colsample_bytree=1.0, feature_fraction=0.8,
               importance_type='split', learning_rate=0.4, max_depth=-1,
               min_child_samples=76, min_child_weight=0.001, min_split_gain=0.9,
               n_estimators=140, n_jobs=-1, num_leaves=90, objective=None,
               random_state=6734, reg_alpha=0.15, reg_lambda=0.5, subsample=1.0,
               subsample_for_bin=200000, subsample_freq=0), fold=None, round=4, cross_validation=False, predict=False, fit_kwargs={}, groups=None, refit=True, probability_threshold=None, experiment_custom_tags=None, verbose=False, system=False, add_to_model_list=False, metrics=None, display=None, model_only=False, return_train_score=False, error_score=0.0, kwargs={})
2026-05-31 23:32:06,406:INFO:Checking exceptions
2026-05-31 23:32:06,406:INFO:Importing libraries
2026-05-31 23:32:06,406:INFO:Copying training dataset
2026-05-31 23:32:06,415:INFO:Defining folds
2026-05-31 23:32:06,415:INFO:Declaring metric variables
2026-05-31 23:32:06,415:INFO:Importing untrained model
2026-05-31 23:32:06,415:INFO:Declaring custom model
2026-05-31 23:32:06,428:INFO:Light Gradient Boosting Machine Imported successfully
2026-05-31 23:32:06,428:INFO:Cross validation set to False
2026-05-31 23:32:06,428:INFO:Fitting Model
2026-05-31 23:32:06,535:INFO:[LightGBM] [Warning] feature_fraction is set=0.8, colsample_bytree=1.0 will be ignored. Current value: feature_fraction=0.8
2026-05-31 23:32:06,536:INFO:[LightGBM] [Warning] bagging_fraction is set=0.7, subsample=1.0 will be ignored. Current value: bagging_fraction=0.7
2026-05-31 23:32:06,536:INFO:[LightGBM] [Warning] bagging_freq is set=1, subsample_freq=0 will be ignored. Current value: bagging_freq=1
2026-05-31 23:32:06,708:INFO:[LightGBM] [Warning] feature_fraction is set=0.8, colsample_bytree=1.0 will be ignored. Current value: feature_fraction=0.8
2026-05-31 23:32:06,708:INFO:[LightGBM] [Warning] bagging_fraction is set=0.7, subsample=1.0 will be ignored. Current value: bagging_fraction=0.7
2026-05-31 23:32:06,708:INFO:[LightGBM] [Warning] bagging_freq is set=1, subsample_freq=0 will be ignored. Current value: bagging_freq=1
2026-05-31 23:32:06,708:INFO:[LightGBM] [Info] Number of positive: 26772, number of negative: 92636
2026-05-31 23:32:06,738:INFO:[LightGBM] [Info] Auto-choosing col-wise multi-threading, the overhead of testing was 0.013647 seconds.
2026-05-31 23:32:06,738:INFO:You can set `force_col_wise=true` to remove the overhead.
2026-05-31 23:32:06,739:INFO:[LightGBM] [Info] Total Bins 4200
2026-05-31 23:32:06,740:INFO:[LightGBM] [Info] Number of data points in the train set: 119408, number of used features: 33
2026-05-31 23:32:06,742:INFO:[LightGBM] [Info] [binary:BoostFromScore]: pavg=0.224206 -> initscore=-1.241321
2026-05-31 23:32:06,742:INFO:[LightGBM] [Info] Start training from score -1.241321
2026-05-31 23:32:08,138:INFO:[LightGBM] [Warning] No further splits with positive gain, best gain: -inf
2026-05-31 23:32:08,309:INFO:Pipeline(memory=Memory(location=None),
         steps=[('numerical_imputer',
                 TransformerWrapper(exclude=None,
                                    include=['MinTemp', 'MaxTemp', 'Rainfall',
                                             'Evaporation', 'Sunshine',
                                             'WindGustSpeed', 'WindSpeed9am',
                                             'WindSpeed3pm', 'Humidity9am',
                                             'Humidity3pm', 'Pressure9am',
                                             'Pressure3pm', 'Cloud9am',
                                             'Cloud3pm', 'Temp9am', 'Temp3pm',
                                             'RainToday', 'DayOfYear_sin',
                                             'DayOfYear_cos'...
                                boosting_type='gbdt', class_weight=None,
                                colsample_bytree=1.0, feature_fraction=0.8,
                                importance_type='split', learning_rate=0.4,
                                max_depth=-1, min_child_samples=76,
                                min_child_weight=0.001, min_split_gain=0.9,
                                n_estimators=140, n_jobs=-1, num_leaves=90,
                                objective=None, random_state=6734,
                                reg_alpha=0.15, reg_lambda=0.5, subsample=1.0,
                                subsample_for_bin=200000, subsample_freq=0))],
         verbose=False)
2026-05-31 23:32:08,309:INFO:create_model() successfully completed......................................
2026-05-31 23:32:08,509:INFO:_master_model_container: 16
2026-05-31 23:32:08,509:INFO:_display_container: 4
2026-05-31 23:32:08,509:INFO:Pipeline(memory=Memory(location=None),
         steps=[('numerical_imputer',
                 TransformerWrapper(exclude=None,
                                    include=['MinTemp', 'MaxTemp', 'Rainfall',
                                             'Evaporation', 'Sunshine',
                                             'WindGustSpeed', 'WindSpeed9am',
                                             'WindSpeed3pm', 'Humidity9am',
                                             'Humidity3pm', 'Pressure9am',
                                             'Pressure3pm', 'Cloud9am',
                                             'Cloud3pm', 'Temp9am', 'Temp3pm',
                                             'RainToday', 'DayOfYear_sin',
                                             'DayOfYear_cos'...
                                boosting_type='gbdt', class_weight=None,
                                colsample_bytree=1.0, feature_fraction=0.8,
                                importance_type='split', learning_rate=0.4,
                                max_depth=-1, min_child_samples=76,
                                min_child_weight=0.001, min_split_gain=0.9,
                                n_estimators=140, n_jobs=-1, num_leaves=90,
                                objective=None, random_state=6734,
                                reg_alpha=0.15, reg_lambda=0.5, subsample=1.0,
                                subsample_for_bin=200000, subsample_freq=0))],
         verbose=False)
2026-05-31 23:32:08,509:INFO:finalize_model() successfully completed......................................
2026-05-31 23:33:38,948:INFO:Initializing evaluate_model()
2026-05-31 23:33:38,948:INFO:evaluate_model(self=<pycaret.classification.oop.ClassificationExperiment object at 0x000002028B5CF350>, estimator=Pipeline(memory=Memory(location=None),
         steps=[('numerical_imputer',
                 TransformerWrapper(exclude=None,
                                    include=['MinTemp', 'MaxTemp', 'Rainfall',
                                             'Evaporation', 'Sunshine',
                                             'WindGustSpeed', 'WindSpeed9am',
                                             'WindSpeed3pm', 'Humidity9am',
                                             'Humidity3pm', 'Pressure9am',
                                             'Pressure3pm', 'Cloud9am',
                                             'Cloud3pm', 'Temp9am', 'Temp3pm',
                                             'RainToday', 'DayOfYear_sin',
                                             'DayOfYear_cos'...
                                boosting_type='gbdt', class_weight=None,
                                colsample_bytree=1.0, feature_fraction=0.8,
                                importance_type='split', learning_rate=0.4,
                                max_depth=-1, min_child_samples=76,
                                min_child_weight=0.001, min_split_gain=0.9,
                                n_estimators=140, n_jobs=-1, num_leaves=90,
                                objective=None, random_state=6734,
                                reg_alpha=0.15, reg_lambda=0.5, subsample=1.0,
                                subsample_for_bin=200000, subsample_freq=0))],
         verbose=False), fold=None, fit_kwargs=None, plot_kwargs=None, feature_name=None, groups=None)
2026-05-31 23:33:39,018:INFO:Initializing plot_model()
2026-05-31 23:33:39,018:INFO:plot_model(self=<pycaret.classification.oop.ClassificationExperiment object at 0x000002028B5CF350>, estimator=Pipeline(memory=Memory(location=None),
         steps=[('numerical_imputer',
                 TransformerWrapper(exclude=None,
                                    include=['MinTemp', 'MaxTemp', 'Rainfall',
                                             'Evaporation', 'Sunshine',
                                             'WindGustSpeed', 'WindSpeed9am',
                                             'WindSpeed3pm', 'Humidity9am',
                                             'Humidity3pm', 'Pressure9am',
                                             'Pressure3pm', 'Cloud9am',
                                             'Cloud3pm', 'Temp9am', 'Temp3pm',
                                             'RainToday', 'DayOfYear_sin',
                                             'DayOfYear_cos'...
                                boosting_type='gbdt', class_weight=None,
                                colsample_bytree=1.0, feature_fraction=0.8,
                                importance_type='split', learning_rate=0.4,
                                max_depth=-1, min_child_samples=76,
                                min_child_weight=0.001, min_split_gain=0.9,
                                n_estimators=140, n_jobs=-1, num_leaves=90,
                                objective=None, random_state=6734,
                                reg_alpha=0.15, reg_lambda=0.5, subsample=1.0,
                                subsample_for_bin=200000, subsample_freq=0))],
         verbose=False), plot=pipeline, scale=1, save=False, fold=StratifiedKFold(n_splits=10, random_state=None, shuffle=False), fit_kwargs={}, plot_kwargs=None, groups=None, feature_name=None, label=False, verbose=False, system=True, display=None, display_format=None)
2026-05-31 23:33:39,018:INFO:Checking exceptions
2026-05-31 23:33:39,050:INFO:Preloading libraries
2026-05-31 23:33:39,089:INFO:Copying training dataset
2026-05-31 23:33:39,089:INFO:Plot type: pipeline
2026-05-31 23:33:39,371:INFO:Visual Rendered Successfully
2026-05-31 23:33:39,556:INFO:plot_model() successfully completed......................................
2026-05-31 23:33:47,860:INFO:Initializing plot_model()
2026-05-31 23:33:47,860:INFO:plot_model(self=<pycaret.classification.oop.ClassificationExperiment object at 0x000002028B5CF350>, estimator=Pipeline(memory=Memory(location=None),
         steps=[('numerical_imputer',
                 TransformerWrapper(exclude=None,
                                    include=['MinTemp', 'MaxTemp', 'Rainfall',
                                             'Evaporation', 'Sunshine',
                                             'WindGustSpeed', 'WindSpeed9am',
                                             'WindSpeed3pm', 'Humidity9am',
                                             'Humidity3pm', 'Pressure9am',
                                             'Pressure3pm', 'Cloud9am',
                                             'Cloud3pm', 'Temp9am', 'Temp3pm',
                                             'RainToday', 'DayOfYear_sin',
                                             'DayOfYear_cos'...
                                boosting_type='gbdt', class_weight=None,
                                colsample_bytree=1.0, feature_fraction=0.8,
                                importance_type='split', learning_rate=0.4,
                                max_depth=-1, min_child_samples=76,
                                min_child_weight=0.001, min_split_gain=0.9,
                                n_estimators=140, n_jobs=-1, num_leaves=90,
                                objective=None, random_state=6734,
                                reg_alpha=0.15, reg_lambda=0.5, subsample=1.0,
                                subsample_for_bin=200000, subsample_freq=0))],
         verbose=False), plot=auc, scale=1, save=False, fold=None, fit_kwargs=None, plot_kwargs=None, groups=None, feature_name=None, label=False, verbose=True, system=True, display=None, display_format=None)
2026-05-31 23:33:47,861:INFO:Checking exceptions
2026-05-31 23:33:47,909:INFO:Preloading libraries
2026-05-31 23:33:47,956:INFO:Copying training dataset
2026-05-31 23:33:47,956:INFO:Plot type: auc
2026-05-31 23:33:48,506:INFO:Fitting Model
2026-05-31 23:33:48,506:INFO:Scoring test/hold-out set
2026-05-31 23:33:48,506:INFO:[LightGBM] [Warning] feature_fraction is set=0.8, colsample_bytree=1.0 will be ignored. Current value: feature_fraction=0.8
2026-05-31 23:33:48,506:INFO:[LightGBM] [Warning] bagging_fraction is set=0.7, subsample=1.0 will be ignored. Current value: bagging_fraction=0.7
2026-05-31 23:33:48,506:INFO:[LightGBM] [Warning] bagging_freq is set=1, subsample_freq=0 will be ignored. Current value: bagging_freq=1
2026-05-31 23:33:48,599:INFO:[LightGBM] [Warning] feature_fraction is set=0.8, colsample_bytree=1.0 will be ignored. Current value: feature_fraction=0.8
2026-05-31 23:33:48,599:INFO:[LightGBM] [Warning] bagging_fraction is set=0.7, subsample=1.0 will be ignored. Current value: bagging_fraction=0.7
2026-05-31 23:33:48,599:INFO:[LightGBM] [Warning] bagging_freq is set=1, subsample_freq=0 will be ignored. Current value: bagging_freq=1
2026-05-31 23:33:49,039:INFO:Visual Rendered Successfully
2026-05-31 23:33:49,266:INFO:plot_model() successfully completed......................................
2026-05-31 23:33:49,280:INFO:Initializing plot_model()
2026-05-31 23:33:49,280:INFO:plot_model(self=<pycaret.classification.oop.ClassificationExperiment object at 0x000002028B5CF350>, estimator=Pipeline(memory=Memory(location=None),
         steps=[('numerical_imputer',
                 TransformerWrapper(exclude=None,
                                    include=['MinTemp', 'MaxTemp', 'Rainfall',
                                             'Evaporation', 'Sunshine',
                                             'WindGustSpeed', 'WindSpeed9am',
                                             'WindSpeed3pm', 'Humidity9am',
                                             'Humidity3pm', 'Pressure9am',
                                             'Pressure3pm', 'Cloud9am',
                                             'Cloud3pm', 'Temp9am', 'Temp3pm',
                                             'RainToday', 'DayOfYear_sin',
                                             'DayOfYear_cos'...
                                boosting_type='gbdt', class_weight=None,
                                colsample_bytree=1.0, feature_fraction=0.8,
                                importance_type='split', learning_rate=0.4,
                                max_depth=-1, min_child_samples=76,
                                min_child_weight=0.001, min_split_gain=0.9,
                                n_estimators=140, n_jobs=-1, num_leaves=90,
                                objective=None, random_state=6734,
                                reg_alpha=0.15, reg_lambda=0.5, subsample=1.0,
                                subsample_for_bin=200000, subsample_freq=0))],
         verbose=False), plot=pr, scale=1, save=False, fold=None, fit_kwargs=None, plot_kwargs=None, groups=None, feature_name=None, label=False, verbose=True, system=True, display=None, display_format=None)
2026-05-31 23:33:49,280:INFO:Checking exceptions
2026-05-31 23:33:49,342:INFO:Preloading libraries
2026-05-31 23:33:49,388:INFO:Copying training dataset
2026-05-31 23:33:49,389:INFO:Plot type: pr
2026-05-31 23:33:49,919:INFO:Fitting Model
2026-05-31 23:33:49,919:INFO:Scoring test/hold-out set
2026-05-31 23:33:49,919:INFO:[LightGBM] [Warning] feature_fraction is set=0.8, colsample_bytree=1.0 will be ignored. Current value: feature_fraction=0.8
2026-05-31 23:33:49,919:INFO:[LightGBM] [Warning] bagging_fraction is set=0.7, subsample=1.0 will be ignored. Current value: bagging_fraction=0.7
2026-05-31 23:33:49,919:INFO:[LightGBM] [Warning] bagging_freq is set=1, subsample_freq=0 will be ignored. Current value: bagging_freq=1
2026-05-31 23:33:50,013:INFO:[LightGBM] [Warning] feature_fraction is set=0.8, colsample_bytree=1.0 will be ignored. Current value: feature_fraction=0.8
2026-05-31 23:33:50,013:INFO:[LightGBM] [Warning] bagging_fraction is set=0.7, subsample=1.0 will be ignored. Current value: bagging_fraction=0.7
2026-05-31 23:33:50,013:INFO:[LightGBM] [Warning] bagging_freq is set=1, subsample_freq=0 will be ignored. Current value: bagging_freq=1
2026-05-31 23:33:50,554:INFO:Visual Rendered Successfully
2026-05-31 23:33:50,762:INFO:plot_model() successfully completed......................................
2026-05-31 23:33:50,762:INFO:Initializing plot_model()
2026-05-31 23:33:50,762:INFO:plot_model(self=<pycaret.classification.oop.ClassificationExperiment object at 0x000002028B5CF350>, estimator=Pipeline(memory=Memory(location=None),
         steps=[('numerical_imputer',
                 TransformerWrapper(exclude=None,
                                    include=['MinTemp', 'MaxTemp', 'Rainfall',
                                             'Evaporation', 'Sunshine',
                                             'WindGustSpeed', 'WindSpeed9am',
                                             'WindSpeed3pm', 'Humidity9am',
                                             'Humidity3pm', 'Pressure9am',
                                             'Pressure3pm', 'Cloud9am',
                                             'Cloud3pm', 'Temp9am', 'Temp3pm',
                                             'RainToday', 'DayOfYear_sin',
                                             'DayOfYear_cos'...
                                boosting_type='gbdt', class_weight=None,
                                colsample_bytree=1.0, feature_fraction=0.8,
                                importance_type='split', learning_rate=0.4,
                                max_depth=-1, min_child_samples=76,
                                min_child_weight=0.001, min_split_gain=0.9,
                                n_estimators=140, n_jobs=-1, num_leaves=90,
                                objective=None, random_state=6734,
                                reg_alpha=0.15, reg_lambda=0.5, subsample=1.0,
                                subsample_for_bin=200000, subsample_freq=0))],
         verbose=False), plot=confusion_matrix, scale=1, save=False, fold=None, fit_kwargs=None, plot_kwargs=None, groups=None, feature_name=None, label=False, verbose=True, system=True, display=None, display_format=None)
2026-05-31 23:33:50,762:INFO:Checking exceptions
2026-05-31 23:33:50,813:INFO:Preloading libraries
2026-05-31 23:33:50,878:INFO:Copying training dataset
2026-05-31 23:33:50,878:INFO:Plot type: confusion_matrix
2026-05-31 23:33:51,427:INFO:Fitting Model
2026-05-31 23:33:51,427:INFO:Scoring test/hold-out set
2026-05-31 23:33:51,427:INFO:[LightGBM] [Warning] feature_fraction is set=0.8, colsample_bytree=1.0 will be ignored. Current value: feature_fraction=0.8
2026-05-31 23:33:51,427:INFO:[LightGBM] [Warning] bagging_fraction is set=0.7, subsample=1.0 will be ignored. Current value: bagging_fraction=0.7
2026-05-31 23:33:51,427:INFO:[LightGBM] [Warning] bagging_freq is set=1, subsample_freq=0 will be ignored. Current value: bagging_freq=1
2026-05-31 23:33:51,511:INFO:[LightGBM] [Warning] feature_fraction is set=0.8, colsample_bytree=1.0 will be ignored. Current value: feature_fraction=0.8
2026-05-31 23:33:51,511:INFO:[LightGBM] [Warning] bagging_fraction is set=0.7, subsample=1.0 will be ignored. Current value: bagging_fraction=0.7
2026-05-31 23:33:51,511:INFO:[LightGBM] [Warning] bagging_freq is set=1, subsample_freq=0 will be ignored. Current value: bagging_freq=1
2026-05-31 23:33:51,771:INFO:Visual Rendered Successfully
2026-05-31 23:33:51,965:INFO:plot_model() successfully completed......................................
2026-05-31 23:33:51,977:INFO:Initializing plot_model()
2026-05-31 23:33:51,977:INFO:plot_model(self=<pycaret.classification.oop.ClassificationExperiment object at 0x000002028B5CF350>, estimator=Pipeline(memory=Memory(location=None),
         steps=[('numerical_imputer',
                 TransformerWrapper(exclude=None,
                                    include=['MinTemp', 'MaxTemp', 'Rainfall',
                                             'Evaporation', 'Sunshine',
                                             'WindGustSpeed', 'WindSpeed9am',
                                             'WindSpeed3pm', 'Humidity9am',
                                             'Humidity3pm', 'Pressure9am',
                                             'Pressure3pm', 'Cloud9am',
                                             'Cloud3pm', 'Temp9am', 'Temp3pm',
                                             'RainToday', 'DayOfYear_sin',
                                             'DayOfYear_cos'...
                                boosting_type='gbdt', class_weight=None,
                                colsample_bytree=1.0, feature_fraction=0.8,
                                importance_type='split', learning_rate=0.4,
                                max_depth=-1, min_child_samples=76,
                                min_child_weight=0.001, min_split_gain=0.9,
                                n_estimators=140, n_jobs=-1, num_leaves=90,
                                objective=None, random_state=6734,
                                reg_alpha=0.15, reg_lambda=0.5, subsample=1.0,
                                subsample_for_bin=200000, subsample_freq=0))],
         verbose=False), plot=feature, scale=1, save=False, fold=None, fit_kwargs=None, plot_kwargs=None, groups=None, feature_name=None, label=False, verbose=True, system=True, display=None, display_format=None)
2026-05-31 23:33:51,977:INFO:Checking exceptions
2026-05-31 23:33:52,062:INFO:Preloading libraries
2026-05-31 23:33:52,115:INFO:Copying training dataset
2026-05-31 23:33:52,115:INFO:Plot type: feature
2026-05-31 23:33:52,116:WARNING:No coef_ found. Trying feature_importances_
2026-05-31 23:33:52,554:INFO:Visual Rendered Successfully
2026-05-31 23:33:52,747:INFO:plot_model() successfully completed......................................
